sample	ethnicity	Population	color
HG02818	AFR	YRI	#3f007d
HG02666	AFR	YRI	#3f007d
HG02769	AFR	YRI	#3f007d
HG03452	AFR	YRI	#3f007d
HG03098	AFR	YRI	#3f007d
HG02559	AFR	YRI	#3f007d
HG02554	AFR	YRI	#3f007d
HG02145	AFR	YRI	#3f007d
HG03065	AFR	YRI	#3f007d
HG03130	AFR	YRI	#3f007d
HG02109	AFR	YRI	#3f007d
HG02055	AFR	YRI	#3f007d
NA19129	AFR	YRI	#3f007d
NA21487	AFR	YRI	#3f007d
NA19036	AFR	YRI	#3f007d
NA20355	AFR	YRI	#3f007d
HG03050	AFR	YRI	#3f007d
NA19331	AFR	YRI	#3f007d
NA19347	AFR	YRI	#3f007d
HG03041	AFR	YRI	#3f007d
HG02953	AFR	YRI	#3f007d
HG01890	AFR	YRI	#3f007d
HG02011	AFR	YRI	#3f007d
NA19384	AFR	YRI	#3f007d
HG03371	AFR	YRI	#3f007d
HG01960	AFR	YRI	#3f007d
HG02282	AFR	YRI	#3f007d
HG03520	AFR	YRI	#3f007d
NA19835	AFR	YRI	#3f007d
HG02717	AFR	YRI	#3f007d
HG02587	AFR	YRI	#3f007d
NA19159	AFR	YRI	#3f007d
NA19185	AFR	YRI	#3f007d
NA19434	AFR	YRI	#3f007d
HG02841	AFR	YRI	#3f007d
HG03471	AFR	YRI	#3f007d
HG03248	AFR	YRI	#3f007d
NA19983	AFR	YRI	#3f007d
NA21309	AFR	YRI	#3f007d
HG02976	AFR	YRI	#3f007d
HG02668	AFR	YRI	#3f007d
NA19239	AFR	YRI	#3f007d
NA19909	AFR	YRI	#3f007d
NA18505	AFR	YRI	#3f007d
NA18508	AFR	YRI	#3f007d
NA18522	AFR	YRI	#3f007d
HG02809	AFR	YRI	#3f007d
HG02818	AFR	YRI	#3f007d
NA19705	AFR	YRI	#3f007d
NA19836	AFR	YRI	#3f007d
HG02922	AFR	YRI	#3f007d
NA19036	AFR	YRI	#3f007d
HG02280	AFR	YRI	#3f007d
HG03456	AFR	YRI	#3f007d
HG02984	AFR	YRI	#3f007d
NA19240	AFR	YRI	#3f007d
NA19317	AFR	YRI	#3f007d
HG02451	AFR	YRI	#3f007d
HG01884	AFR	YRI	#3f007d
HG01891	AFR	YRI	#3f007d
HG02572	AFR	YRI	#3f007d
NA19391	AFR	YRI	#3f007d
HG02886	AFR	YRI	#3f007d
HG02615	AFR	YRI	#3f007d
HG02622	AFR	YRI	#3f007d
HG02630	AFR	YRI	#3f007d
HG02647	AFR	YRI	#3f007d
NA19238	AFR	YRI	#3f007d
HG03470	AFR	YRI	#3f007d
NA19043	AFR	YRI	#3f007d
HG02723	AFR	YRI	#3f007d
NA20282	AFR	YRI	#3f007d
NA20346	AFR	YRI	#3f007d
NA19240	AFR	YRI	#3f007d
HG02583	AFR	YRI	#3f007d
HG03195	AFR	YRI	#3f007d
NA19443	AFR	YRI	#3f007d
NA19468	AFR	YRI	#3f007d
HG02965	AFR	YRI	#3f007d
NA19700	AFR	YRI	#3f007d
NA18906	AFR	YRI	#3f007d
HG03453	AFR	YRI	#3f007d
HG03486	AFR	YRI	#3f007d
NA20129	AFR	YRI	#3f007d
HG03521	AFR	YRI	#3f007d
HG03540	AFR	YRI	#3f007d
HG03139	AFR	YRI	#3f007d
NA19338	AFR	YRI	#3f007d
HG03369	AFR	YRI	#3f007d
HG02257	AFR	YRI	#3f007d
HG02258	AFR	YRI	#3f007d
HG03270	AFR	YRI	#3f007d
HG03516	AFR	YRI	#3f007d
NA18879	AFR	YRI	#3f007d
HG03209	AFR	YRI	#3f007d
HG03579	AFR	YRI	#3f007d
HG03583	AFR	YRI	#3f007d
HG03225	AFR	YRI	#3f007d
HG00738	AMR	PUR	#cb181d
HG01975	AMR	PUR	#cb181d
HG01978	AMR	PUR	#cb181d
HG00733	AMR	PUR	#cb181d
HG02004	AMR	PUR	#cb181d
HG01150	AMR	PUR	#cb181d
HG01123	AMR	PUR	#cb181d
HG01243	AMR	PUR	#cb181d
HG01074	AMR	PUR	#cb181d
HG00735	AMR	PUR	#cb181d
HG00642	AMR	PUR	#cb181d
HG02106	AMR	PUR	#cb181d
HG01106	AMR	PUR	#cb181d
HG01109	AMR	PUR	#cb181d
HG01071	AMR	PUR	#cb181d
HG00731	AMR	PUR	#cb181d
HG00733	AMR	PUR	#cb181d
HG01352	AMR	PUR	#cb181d
HG01496	AMR	PUR	#cb181d
HG01981	AMR	PUR	#cb181d
HG00741	AMR	PUR	#cb181d
HG01940	AMR	PUR	#cb181d
HG02148	AMR	PUR	#cb181d
HG01573	AMR	PUR	#cb181d
NA19682	AMR	PUR	#cb181d
HG01361	AMR	PUR	#cb181d
HG00732	AMR	PUR	#cb181d
NA19776	AMR	PUR	#cb181d
HG01167	AMR	PUR	#cb181d
HG01192	AMR	PUR	#cb181d
HG01993	AMR	PUR	#cb181d
HG01457	AMR	PUR	#cb181d
HG01099	AMR	PUR	#cb181d
HG01928	AMR	PUR	#cb181d
NA19650	AMR	PUR	#cb181d
HG01943	AMR	PUR	#cb181d
HG01433	AMR	PUR	#cb181d
HG01358	AMR	PUR	#cb181d
HG02273	AMR	PUR	#cb181d
HG00639	AMR	PUR	#cb181d
HG01934	AMR	PUR	#cb181d
HG02300	AMR	PUR	#cb181d
HG01175	AMR	PUR	#cb181d
HG01114	AMR	PUR	#cb181d
HG01258	AMR	PUR	#cb181d
HG01081	AMR	PUR	#cb181d
HG01952	AMR	PUR	#cb181d
HG01252	AMR	PUR	#cb181d
HG01969	AMR	PUR	#cb181d
HG02293	AMR	PUR	#cb181d
HG01346	AMR	PUR	#cb181d
HG01255	AMR	PUR	#cb181d
HG01261	AMR	PUR	#cb181d
HG002	ASK	NA	NA
NA24385	ASK	NA	NA
HG00438	EAS	KHV	#084594
HG02059	EAS	KHV	#084594
HG00658	EAS	KHV	#084594
HG02027	EAS	KHV	#084594
HG02015	EAS	KHV	#084594
HG02018	EAS	KHV	#084594
NA18983	EAS	KHV	#084594
NA18943	EAS	KHV	#084594
HG02074	EAS	KHV	#084594
HG00558	EAS	KHV	#084594
HG00408	EAS	KHV	#084594
HG02514	EAS	KHV	#084594
HG00423	EAS	KHV	#084594
HG01596	EAS	KHV	#084594
HG00544	EAS	KHV	#084594
HG00597	EAS	KHV	#084594
NA18971	EAS	KHV	#084594
HG00609	EAS	KHV	#084594
HG00621	EAS	KHV	#084594
NA18982	EAS	KHV	#084594
HG02083	EAS	KHV	#084594
HG02129	EAS	KHV	#084594
HG00673	EAS	KHV	#084594
HG00706	EAS	KHV	#084594
NA18948	EAS	KHV	#084594
NA18952	EAS	KHV	#084594
NA18960	EAS	KHV	#084594
HG02040	EAS	KHV	#084594
HG02056	EAS	KHV	#084594
HG00512	EAS	KHV	#084594
HG02071	EAS	KHV	#084594
HG00514	EAS	KHV	#084594
HG02080	EAS	KHV	#084594
NA18940	EAS	KHV	#084594
NA18534	EAS	KHV	#084594
HG02132	EAS	KHV	#084594
HG02135	EAS	KHV	#084594
NA19087	EAS	KHV	#084594
NA18945	EAS	KHV	#084594
HG02523	EAS	KHV	#084594
HG02155	EAS	KHV	#084594
NA18970	EAS	KHV	#084594
NA18967	EAS	KHV	#084594
HG00513	EAS	KHV	#084594
NA18974	EAS	KHV	#084594
NA18976	EAS	KHV	#084594
NA18747	EAS	KHV	#084594
HG02165	EAS	KHV	#084594
HG00864	EAS	KHV	#084594
HG02392	EAS	KHV	#084594
HG02391	EAS	KHV	#084594
NA18944	EAS	KHV	#084594
NA18939	EAS	KHV	#084594
NA18959	EAS	KHV	#084594
NA18620	EAS	KHV	#084594
NA18565	EAS	KHV	#084594
NA18989	EAS	KHV	#084594
NA18570	EAS	KHV	#084594
NA18608	EAS	KHV	#084594
HG02178	EAS	KHV	#084594
HG005	EAS	NA	NA
HG02486	EAS	NA	NA
HG00171	EUR	TSI	#7a0177
HG00280	EUR	TSI	#7a0177
HG00268	EUR	TSI	#7a0177
HG00272	EUR	TSI	#7a0177
HG00323	EUR	TSI	#7a0177
HG00329	EUR	TSI	#7a0177
HG00320	EUR	TSI	#7a0177
HG00321	EUR	TSI	#7a0177
HG00096	EUR	TSI	#7a0177
HG01505	EUR	TSI	#7a0177
HG00232	EUR	TSI	#7a0177
HG00358	EUR	TSI	#7a0177
HG00253	EUR	TSI	#7a0177
NA20799	EUR	TSI	#7a0177
HG00290	EUR	TSI	#7a0177
NA20806	EUR	TSI	#7a0177
NA20509	EUR	TSI	#7a0177
HG00099	EUR	TSI	#7a0177
HG00126	EUR	TSI	#7a0177
HG00344	EUR	TSI	#7a0177
HG00350	EUR	TSI	#7a0177
HG00140	EUR	TSI	#7a0177
HG00146	EUR	TSI	#7a0177
NA20805	EUR	TSI	#7a0177
NA12329	EUR	TSI	#7a0177
HG00235	EUR	TSI	#7a0177
NA20762	EUR	TSI	#7a0177
NA20752	EUR	TSI	#7a0177
HG00128	EUR	TSI	#7a0177
HG00097	EUR	TSI	#7a0177
NA20827	EUR	TSI	#7a0177
HG00133	EUR	TSI	#7a0177
HG01786	EUR	TSI	#7a0177
NA20503	EUR	TSI	#7a0177
NA20809	EUR	TSI	#7a0177
HG01530	EUR	TSI	#7a0177
HG01784	EUR	TSI	#7a0177
HG06807	OTH	NA	NA
HG02492	SAS	STU	#005a32
HG02698	SAS	STU	#005a32
HG02602	SAS	STU	#005a32
HG02735	SAS	STU	#005a32
HG02738	SAS	STU	#005a32
HG03683	SAS	STU	#005a32
HG03704	SAS	STU	#005a32
HG03009	SAS	STU	#005a32
NA20847	SAS	STU	#005a32
HG03017	SAS	STU	#005a32
HG03804	SAS	STU	#005a32
HG03816	SAS	STU	#005a32
HG03831	SAS	STU	#005a32
HG03834	SAS	STU	#005a32
HG03874	SAS	STU	#005a32
HG03927	SAS	STU	#005a32
HG03654	SAS	STU	#005a32
HG03669	SAS	STU	#005a32
HG03688	SAS	STU	#005a32
HG04160	SAS	STU	#005a32
HG03710	SAS	STU	#005a32
HG03742	SAS	STU	#005a32
HG03784	SAS	STU	#005a32
HG04204	SAS	STU	#005a32
HG04228	SAS	STU	#005a32
HG03732	SAS	STU	#005a32
HG03807	SAS	STU	#005a32
HG04036	SAS	STU	#005a32
HG04217	SAS	STU	#005a32
HG03942	SAS	STU	#005a32
HG04115	SAS	STU	#005a32
HG04157	SAS	STU	#005a32
HG03239	SAS	STU	#005a32
HG04184	SAS	STU	#005a32
HG04187	SAS	STU	#005a32
HG04199	SAS	STU	#005a32
NA20850	SAS	STU	#005a32
NA20870	SAS	STU	#005a32
NA20905	SAS	STU	#005a32
NA21093	SAS	STU	#005a32
NA21102	SAS	STU	#005a32
NA21106	SAS	STU	#005a32
NA21110	SAS	STU	#005a32
NA21144	SAS	STU	#005a32
