[{"date":"2014-10-13T00:00:00.000Z","gnomad_pageviews":0.0,"exac_pageviews":4},{"date":"2014-10-14T00:00:00.000Z","gnomad_pageviews":0.0,"exac_pageviews":258},{"date":"2014-10-15T00:00:00.000Z","gnomad_pageviews":0.0,"exac_pageviews":422},{"date":"2014-10-16T00:00:00.000Z","gnomad_pageviews":0.0,"exac_pageviews":577},{"date":"2014-10-17T00:00:00.000Z","gnomad_pageviews":0.0,"exac_pageviews":168},{"date":"2014-10-18T00:00:00.000Z","gnomad_pageviews":0.0,"exac_pageviews":224},{"date":"2014-10-19T00:00:00.000Z","gnomad_pageviews":0.0,"exac_pageviews":654},{"date":"2014-10-20T00:00:00.000Z","gnomad_pageviews":0.0,"exac_pageviews":8416},{"date":"2014-10-21T00:00:00.000Z","gnomad_pageviews":0.0,"exac_pageviews":22010},{"date":"2014-10-22T00:00:00.000Z","gnomad_pageviews":0.0,"exac_pageviews":7133},{"date":"2014-10-23T00:00:00.000Z","gnomad_pageviews":0.0,"exac_pageviews":4576},{"date":"2014-10-24T00:00:00.000Z","gnomad_pageviews":0.0,"exac_pageviews":4550},{"date":"2014-10-25T00:00:00.000Z","gnomad_pageviews":0.0,"exac_pageviews":564},{"date":"2014-10-26T00:00:00.000Z","gnomad_pageviews":0.0,"exac_pageviews":1012},{"date":"2014-10-27T00:00:00.000Z","gnomad_pageviews":0.0,"exac_pageviews":4722},{"date":"2014-10-28T00:00:00.000Z","gnomad_pageviews":0.0,"exac_pageviews":4021},{"date":"2014-10-29T00:00:00.000Z","gnomad_pageviews":0.0,"exac_pageviews":4335},{"date":"2014-10-30T00:00:00.000Z","gnomad_pageviews":0.0,"exac_pageviews":4507},{"date":"2014-10-31T00:00:00.000Z","gnomad_pageviews":0.0,"exac_pageviews":3659},{"date":"2014-11-01T00:00:00.000Z","gnomad_pageviews":0.0,"exac_pageviews":801},{"date":"2014-11-02T00:00:00.000Z","gnomad_pageviews":0.0,"exac_pageviews":947},{"date":"2014-11-03T00:00:00.000Z","gnomad_pageviews":0.0,"exac_pageviews":4201},{"date":"2014-11-04T00:00:00.000Z","gnomad_pageviews":0.0,"exac_pageviews":4318},{"date":"2014-11-05T00:00:00.000Z","gnomad_pageviews":0.0,"exac_pageviews":3930},{"date":"2014-11-06T00:00:00.000Z","gnomad_pageviews":0.0,"exac_pageviews":3745},{"date":"2014-11-07T00:00:00.000Z","gnomad_pageviews":0.0,"exac_pageviews":3904},{"date":"2014-11-08T00:00:00.000Z","gnomad_pageviews":0.0,"exac_pageviews":745},{"date":"2014-11-09T00:00:00.000Z","gnomad_pageviews":0.0,"exac_pageviews":1106},{"date":"2014-11-10T00:00:00.000Z","gnomad_pageviews":0.0,"exac_pageviews":3328},{"date":"2014-11-11T00:00:00.000Z","gnomad_pageviews":0.0,"exac_pageviews":3741},{"date":"2014-11-12T00:00:00.000Z","gnomad_pageviews":0.0,"exac_pageviews":5420},{"date":"2014-11-13T00:00:00.000Z","gnomad_pageviews":0.0,"exac_pageviews":4615},{"date":"2014-11-14T00:00:00.000Z","gnomad_pageviews":0.0,"exac_pageviews":3655},{"date":"2014-11-15T00:00:00.000Z","gnomad_pageviews":0.0,"exac_pageviews":1141},{"date":"2014-11-16T00:00:00.000Z","gnomad_pageviews":0.0,"exac_pageviews":1545},{"date":"2014-11-17T00:00:00.000Z","gnomad_pageviews":0.0,"exac_pageviews":4572},{"date":"2014-11-18T00:00:00.000Z","gnomad_pageviews":0.0,"exac_pageviews":4460},{"date":"2014-11-19T00:00:00.000Z","gnomad_pageviews":0.0,"exac_pageviews":4378},{"date":"2014-11-20T00:00:00.000Z","gnomad_pageviews":0.0,"exac_pageviews":4602},{"date":"2014-11-21T00:00:00.000Z","gnomad_pageviews":0.0,"exac_pageviews":3848},{"date":"2014-11-22T00:00:00.000Z","gnomad_pageviews":0.0,"exac_pageviews":736},{"date":"2014-11-23T00:00:00.000Z","gnomad_pageviews":0.0,"exac_pageviews":969},{"date":"2014-11-24T00:00:00.000Z","gnomad_pageviews":0.0,"exac_pageviews":4938},{"date":"2014-11-25T00:00:00.000Z","gnomad_pageviews":0.0,"exac_pageviews":4735},{"date":"2014-11-26T00:00:00.000Z","gnomad_pageviews":0.0,"exac_pageviews":3732},{"date":"2014-11-27T00:00:00.000Z","gnomad_pageviews":0.0,"exac_pageviews":3534},{"date":"2014-11-28T00:00:00.000Z","gnomad_pageviews":0.0,"exac_pageviews":2764},{"date":"2014-11-29T00:00:00.000Z","gnomad_pageviews":0.0,"exac_pageviews":934},{"date":"2014-11-30T00:00:00.000Z","gnomad_pageviews":0.0,"exac_pageviews":1016},{"date":"2014-12-01T00:00:00.000Z","gnomad_pageviews":0.0,"exac_pageviews":3366},{"date":"2014-12-02T00:00:00.000Z","gnomad_pageviews":0.0,"exac_pageviews":4740},{"date":"2014-12-03T00:00:00.000Z","gnomad_pageviews":0.0,"exac_pageviews":4748},{"date":"2014-12-04T00:00:00.000Z","gnomad_pageviews":0.0,"exac_pageviews":5644},{"date":"2014-12-05T00:00:00.000Z","gnomad_pageviews":0.0,"exac_pageviews":5424},{"date":"2014-12-06T00:00:00.000Z","gnomad_pageviews":0.0,"exac_pageviews":758},{"date":"2014-12-07T00:00:00.000Z","gnomad_pageviews":0.0,"exac_pageviews":1334},{"date":"2014-12-08T00:00:00.000Z","gnomad_pageviews":0.0,"exac_pageviews":4989},{"date":"2014-12-09T00:00:00.000Z","gnomad_pageviews":0.0,"exac_pageviews":5230},{"date":"2014-12-10T00:00:00.000Z","gnomad_pageviews":0.0,"exac_pageviews":4529},{"date":"2014-12-11T00:00:00.000Z","gnomad_pageviews":0.0,"exac_pageviews":5424},{"date":"2014-12-12T00:00:00.000Z","gnomad_pageviews":0.0,"exac_pageviews":4481},{"date":"2014-12-13T00:00:00.000Z","gnomad_pageviews":0.0,"exac_pageviews":740},{"date":"2014-12-14T00:00:00.000Z","gnomad_pageviews":0.0,"exac_pageviews":2101},{"date":"2014-12-15T00:00:00.000Z","gnomad_pageviews":0.0,"exac_pageviews":7142},{"date":"2014-12-16T00:00:00.000Z","gnomad_pageviews":0.0,"exac_pageviews":6255},{"date":"2014-12-17T00:00:00.000Z","gnomad_pageviews":0.0,"exac_pageviews":5316},{"date":"2014-12-18T00:00:00.000Z","gnomad_pageviews":0.0,"exac_pageviews":4714},{"date":"2014-12-19T00:00:00.000Z","gnomad_pageviews":0.0,"exac_pageviews":4120},{"date":"2014-12-20T00:00:00.000Z","gnomad_pageviews":0.0,"exac_pageviews":719},{"date":"2014-12-21T00:00:00.000Z","gnomad_pageviews":0.0,"exac_pageviews":882},{"date":"2014-12-22T00:00:00.000Z","gnomad_pageviews":0.0,"exac_pageviews":4666},{"date":"2014-12-23T00:00:00.000Z","gnomad_pageviews":0.0,"exac_pageviews":3384},{"date":"2014-12-24T00:00:00.000Z","gnomad_pageviews":0.0,"exac_pageviews":1976},{"date":"2014-12-25T00:00:00.000Z","gnomad_pageviews":0.0,"exac_pageviews":573},{"date":"2014-12-26T00:00:00.000Z","gnomad_pageviews":0.0,"exac_pageviews":1963},{"date":"2014-12-27T00:00:00.000Z","gnomad_pageviews":0.0,"exac_pageviews":495},{"date":"2014-12-28T00:00:00.000Z","gnomad_pageviews":0.0,"exac_pageviews":667},{"date":"2014-12-29T00:00:00.000Z","gnomad_pageviews":0.0,"exac_pageviews":3087},{"date":"2014-12-30T00:00:00.000Z","gnomad_pageviews":0.0,"exac_pageviews":2910},{"date":"2014-12-31T00:00:00.000Z","gnomad_pageviews":0.0,"exac_pageviews":1541},{"date":"2015-01-01T00:00:00.000Z","gnomad_pageviews":0.0,"exac_pageviews":1184},{"date":"2015-01-02T00:00:00.000Z","gnomad_pageviews":0.0,"exac_pageviews":2415},{"date":"2015-01-03T00:00:00.000Z","gnomad_pageviews":0.0,"exac_pageviews":2531},{"date":"2015-01-04T00:00:00.000Z","gnomad_pageviews":0.0,"exac_pageviews":1171},{"date":"2015-01-05T00:00:00.000Z","gnomad_pageviews":0.0,"exac_pageviews":5265},{"date":"2015-01-06T00:00:00.000Z","gnomad_pageviews":0.0,"exac_pageviews":4516},{"date":"2015-01-07T00:00:00.000Z","gnomad_pageviews":0.0,"exac_pageviews":7693},{"date":"2015-01-08T00:00:00.000Z","gnomad_pageviews":0.0,"exac_pageviews":6281},{"date":"2015-01-09T00:00:00.000Z","gnomad_pageviews":0.0,"exac_pageviews":4533},{"date":"2015-01-10T00:00:00.000Z","gnomad_pageviews":0.0,"exac_pageviews":762},{"date":"2015-01-11T00:00:00.000Z","gnomad_pageviews":0.0,"exac_pageviews":1115},{"date":"2015-01-12T00:00:00.000Z","gnomad_pageviews":0.0,"exac_pageviews":6238},{"date":"2015-01-13T00:00:00.000Z","gnomad_pageviews":0.0,"exac_pageviews":6634},{"date":"2015-01-14T00:00:00.000Z","gnomad_pageviews":0.0,"exac_pageviews":5730},{"date":"2015-01-15T00:00:00.000Z","gnomad_pageviews":0.0,"exac_pageviews":5105},{"date":"2015-01-16T00:00:00.000Z","gnomad_pageviews":0.0,"exac_pageviews":4589},{"date":"2015-01-17T00:00:00.000Z","gnomad_pageviews":0.0,"exac_pageviews":818},{"date":"2015-01-18T00:00:00.000Z","gnomad_pageviews":0.0,"exac_pageviews":1235},{"date":"2015-01-19T00:00:00.000Z","gnomad_pageviews":0.0,"exac_pageviews":4821},{"date":"2015-01-20T00:00:00.000Z","gnomad_pageviews":0.0,"exac_pageviews":5398},{"date":"2015-01-21T00:00:00.000Z","gnomad_pageviews":0.0,"exac_pageviews":6130},{"date":"2015-01-22T00:00:00.000Z","gnomad_pageviews":0.0,"exac_pageviews":5441},{"date":"2015-01-23T00:00:00.000Z","gnomad_pageviews":0.0,"exac_pageviews":4455},{"date":"2015-01-24T00:00:00.000Z","gnomad_pageviews":0.0,"exac_pageviews":1567},{"date":"2015-01-25T00:00:00.000Z","gnomad_pageviews":0.0,"exac_pageviews":1111},{"date":"2015-01-26T00:00:00.000Z","gnomad_pageviews":0.0,"exac_pageviews":4843},{"date":"2015-01-27T00:00:00.000Z","gnomad_pageviews":0.0,"exac_pageviews":6715},{"date":"2015-01-28T00:00:00.000Z","gnomad_pageviews":0.0,"exac_pageviews":6806},{"date":"2015-01-29T00:00:00.000Z","gnomad_pageviews":0.0,"exac_pageviews":5368},{"date":"2015-01-30T00:00:00.000Z","gnomad_pageviews":0.0,"exac_pageviews":4808},{"date":"2015-01-31T00:00:00.000Z","gnomad_pageviews":0.0,"exac_pageviews":1266},{"date":"2015-02-01T00:00:00.000Z","gnomad_pageviews":0.0,"exac_pageviews":1111},{"date":"2015-02-02T00:00:00.000Z","gnomad_pageviews":0.0,"exac_pageviews":5140},{"date":"2015-02-03T00:00:00.000Z","gnomad_pageviews":0.0,"exac_pageviews":6767},{"date":"2015-02-04T00:00:00.000Z","gnomad_pageviews":0.0,"exac_pageviews":5941},{"date":"2015-02-05T00:00:00.000Z","gnomad_pageviews":0.0,"exac_pageviews":5291},{"date":"2015-02-06T00:00:00.000Z","gnomad_pageviews":0.0,"exac_pageviews":4976},{"date":"2015-02-07T00:00:00.000Z","gnomad_pageviews":0.0,"exac_pageviews":956},{"date":"2015-02-08T00:00:00.000Z","gnomad_pageviews":0.0,"exac_pageviews":3216},{"date":"2015-02-09T00:00:00.000Z","gnomad_pageviews":0.0,"exac_pageviews":6487},{"date":"2015-02-10T00:00:00.000Z","gnomad_pageviews":0.0,"exac_pageviews":5523},{"date":"2015-02-11T00:00:00.000Z","gnomad_pageviews":0.0,"exac_pageviews":10060},{"date":"2015-02-12T00:00:00.000Z","gnomad_pageviews":0.0,"exac_pageviews":6173},{"date":"2015-02-13T00:00:00.000Z","gnomad_pageviews":0.0,"exac_pageviews":6789},{"date":"2015-02-14T00:00:00.000Z","gnomad_pageviews":0.0,"exac_pageviews":2363},{"date":"2015-02-15T00:00:00.000Z","gnomad_pageviews":0.0,"exac_pageviews":1459},{"date":"2015-02-16T00:00:00.000Z","gnomad_pageviews":0.0,"exac_pageviews":5596},{"date":"2015-02-17T00:00:00.000Z","gnomad_pageviews":0.0,"exac_pageviews":6479},{"date":"2015-02-18T00:00:00.000Z","gnomad_pageviews":0.0,"exac_pageviews":7198},{"date":"2015-02-19T00:00:00.000Z","gnomad_pageviews":0.0,"exac_pageviews":7232},{"date":"2015-02-20T00:00:00.000Z","gnomad_pageviews":0.0,"exac_pageviews":6087},{"date":"2015-02-21T00:00:00.000Z","gnomad_pageviews":0.0,"exac_pageviews":2303},{"date":"2015-02-22T00:00:00.000Z","gnomad_pageviews":0.0,"exac_pageviews":1830},{"date":"2015-02-23T00:00:00.000Z","gnomad_pageviews":0.0,"exac_pageviews":8248},{"date":"2015-02-24T00:00:00.000Z","gnomad_pageviews":0.0,"exac_pageviews":9466},{"date":"2015-02-25T00:00:00.000Z","gnomad_pageviews":0.0,"exac_pageviews":7779},{"date":"2015-02-26T00:00:00.000Z","gnomad_pageviews":0.0,"exac_pageviews":8054},{"date":"2015-02-27T00:00:00.000Z","gnomad_pageviews":0.0,"exac_pageviews":5230},{"date":"2015-02-28T00:00:00.000Z","gnomad_pageviews":0.0,"exac_pageviews":1115},{"date":"2015-03-01T00:00:00.000Z","gnomad_pageviews":0.0,"exac_pageviews":1683},{"date":"2015-03-02T00:00:00.000Z","gnomad_pageviews":0.0,"exac_pageviews":7193},{"date":"2015-03-03T00:00:00.000Z","gnomad_pageviews":0.0,"exac_pageviews":6595},{"date":"2015-03-04T00:00:00.000Z","gnomad_pageviews":0.0,"exac_pageviews":9445},{"date":"2015-03-05T00:00:00.000Z","gnomad_pageviews":0.0,"exac_pageviews":6746},{"date":"2015-03-06T00:00:00.000Z","gnomad_pageviews":0.0,"exac_pageviews":5570},{"date":"2015-03-07T00:00:00.000Z","gnomad_pageviews":0.0,"exac_pageviews":1636},{"date":"2015-03-08T00:00:00.000Z","gnomad_pageviews":0.0,"exac_pageviews":1141},{"date":"2015-03-09T00:00:00.000Z","gnomad_pageviews":0.0,"exac_pageviews":6496},{"date":"2015-03-10T00:00:00.000Z","gnomad_pageviews":0.0,"exac_pageviews":6746},{"date":"2015-03-11T00:00:00.000Z","gnomad_pageviews":0.0,"exac_pageviews":7155},{"date":"2015-03-12T00:00:00.000Z","gnomad_pageviews":0.0,"exac_pageviews":9294},{"date":"2015-03-13T00:00:00.000Z","gnomad_pageviews":0.0,"exac_pageviews":9643},{"date":"2015-03-14T00:00:00.000Z","gnomad_pageviews":0.0,"exac_pageviews":5721},{"date":"2015-03-15T00:00:00.000Z","gnomad_pageviews":0.0,"exac_pageviews":1657},{"date":"2015-03-16T00:00:00.000Z","gnomad_pageviews":0.0,"exac_pageviews":8442},{"date":"2015-03-17T00:00:00.000Z","gnomad_pageviews":0.0,"exac_pageviews":8816},{"date":"2015-03-18T00:00:00.000Z","gnomad_pageviews":0.0,"exac_pageviews":9182},{"date":"2015-03-19T00:00:00.000Z","gnomad_pageviews":0.0,"exac_pageviews":7607},{"date":"2015-03-20T00:00:00.000Z","gnomad_pageviews":0.0,"exac_pageviews":8321},{"date":"2015-03-21T00:00:00.000Z","gnomad_pageviews":0.0,"exac_pageviews":2329},{"date":"2015-03-22T00:00:00.000Z","gnomad_pageviews":0.0,"exac_pageviews":1731},{"date":"2015-03-23T00:00:00.000Z","gnomad_pageviews":0.0,"exac_pageviews":9737},{"date":"2015-03-24T00:00:00.000Z","gnomad_pageviews":0.0,"exac_pageviews":8153},{"date":"2015-03-25T00:00:00.000Z","gnomad_pageviews":0.0,"exac_pageviews":7499},{"date":"2015-03-26T00:00:00.000Z","gnomad_pageviews":0.0,"exac_pageviews":7180},{"date":"2015-03-27T00:00:00.000Z","gnomad_pageviews":0.0,"exac_pageviews":7223},{"date":"2015-03-28T00:00:00.000Z","gnomad_pageviews":0.0,"exac_pageviews":1472},{"date":"2015-03-29T00:00:00.000Z","gnomad_pageviews":0.0,"exac_pageviews":1421},{"date":"2015-03-30T00:00:00.000Z","gnomad_pageviews":0.0,"exac_pageviews":8678},{"date":"2015-03-31T00:00:00.000Z","gnomad_pageviews":0.0,"exac_pageviews":10594},{"date":"2015-04-01T00:00:00.000Z","gnomad_pageviews":0.0,"exac_pageviews":10689},{"date":"2015-04-02T00:00:00.000Z","gnomad_pageviews":0.0,"exac_pageviews":10943},{"date":"2015-04-03T00:00:00.000Z","gnomad_pageviews":0.0,"exac_pageviews":5467},{"date":"2015-04-04T00:00:00.000Z","gnomad_pageviews":0.0,"exac_pageviews":1855},{"date":"2015-04-05T00:00:00.000Z","gnomad_pageviews":0.0,"exac_pageviews":1012},{"date":"2015-04-06T00:00:00.000Z","gnomad_pageviews":0.0,"exac_pageviews":4808},{"date":"2015-04-07T00:00:00.000Z","gnomad_pageviews":0.0,"exac_pageviews":8523},{"date":"2015-04-08T00:00:00.000Z","gnomad_pageviews":0.0,"exac_pageviews":8523},{"date":"2015-04-09T00:00:00.000Z","gnomad_pageviews":0.0,"exac_pageviews":7998},{"date":"2015-04-10T00:00:00.000Z","gnomad_pageviews":0.0,"exac_pageviews":6823},{"date":"2015-04-11T00:00:00.000Z","gnomad_pageviews":0.0,"exac_pageviews":1817},{"date":"2015-04-12T00:00:00.000Z","gnomad_pageviews":0.0,"exac_pageviews":2927},{"date":"2015-04-13T00:00:00.000Z","gnomad_pageviews":0.0,"exac_pageviews":8239},{"date":"2015-04-14T00:00:00.000Z","gnomad_pageviews":0.0,"exac_pageviews":8356},{"date":"2015-04-15T00:00:00.000Z","gnomad_pageviews":0.0,"exac_pageviews":9040},{"date":"2015-04-16T00:00:00.000Z","gnomad_pageviews":0.0,"exac_pageviews":9578},{"date":"2015-04-17T00:00:00.000Z","gnomad_pageviews":0.0,"exac_pageviews":6268},{"date":"2015-04-18T00:00:00.000Z","gnomad_pageviews":0.0,"exac_pageviews":1881},{"date":"2015-04-19T00:00:00.000Z","gnomad_pageviews":0.0,"exac_pageviews":2656},{"date":"2015-04-20T00:00:00.000Z","gnomad_pageviews":0.0,"exac_pageviews":8562},{"date":"2015-04-21T00:00:00.000Z","gnomad_pageviews":0.0,"exac_pageviews":9724},{"date":"2015-04-22T00:00:00.000Z","gnomad_pageviews":0.0,"exac_pageviews":9247},{"date":"2015-04-23T00:00:00.000Z","gnomad_pageviews":0.0,"exac_pageviews":9234},{"date":"2015-04-24T00:00:00.000Z","gnomad_pageviews":0.0,"exac_pageviews":7585},{"date":"2015-04-25T00:00:00.000Z","gnomad_pageviews":0.0,"exac_pageviews":1197},{"date":"2015-04-26T00:00:00.000Z","gnomad_pageviews":0.0,"exac_pageviews":2096},{"date":"2015-04-27T00:00:00.000Z","gnomad_pageviews":0.0,"exac_pageviews":11089},{"date":"2015-04-28T00:00:00.000Z","gnomad_pageviews":0.0,"exac_pageviews":8244},{"date":"2015-04-29T00:00:00.000Z","gnomad_pageviews":0.0,"exac_pageviews":8020},{"date":"2015-04-30T00:00:00.000Z","gnomad_pageviews":0.0,"exac_pageviews":8911},{"date":"2015-05-01T00:00:00.000Z","gnomad_pageviews":0.0,"exac_pageviews":6216},{"date":"2015-05-02T00:00:00.000Z","gnomad_pageviews":0.0,"exac_pageviews":1266},{"date":"2015-05-03T00:00:00.000Z","gnomad_pageviews":0.0,"exac_pageviews":2936},{"date":"2015-05-04T00:00:00.000Z","gnomad_pageviews":0.0,"exac_pageviews":7555},{"date":"2015-05-05T00:00:00.000Z","gnomad_pageviews":0.0,"exac_pageviews":8941},{"date":"2015-05-06T00:00:00.000Z","gnomad_pageviews":0.0,"exac_pageviews":8678},{"date":"2015-05-07T00:00:00.000Z","gnomad_pageviews":0.0,"exac_pageviews":8063},{"date":"2015-05-08T00:00:00.000Z","gnomad_pageviews":0.0,"exac_pageviews":9096},{"date":"2015-05-09T00:00:00.000Z","gnomad_pageviews":0.0,"exac_pageviews":1571},{"date":"2015-05-10T00:00:00.000Z","gnomad_pageviews":0.0,"exac_pageviews":1967},{"date":"2015-05-11T00:00:00.000Z","gnomad_pageviews":0.0,"exac_pageviews":8114},{"date":"2015-05-12T00:00:00.000Z","gnomad_pageviews":0.0,"exac_pageviews":9526},{"date":"2015-05-13T00:00:00.000Z","gnomad_pageviews":0.0,"exac_pageviews":8618},{"date":"2015-05-14T00:00:00.000Z","gnomad_pageviews":0.0,"exac_pageviews":9656},{"date":"2015-05-15T00:00:00.000Z","gnomad_pageviews":0.0,"exac_pageviews":6965},{"date":"2015-05-16T00:00:00.000Z","gnomad_pageviews":0.0,"exac_pageviews":1007},{"date":"2015-05-17T00:00:00.000Z","gnomad_pageviews":0.0,"exac_pageviews":1498},{"date":"2015-05-18T00:00:00.000Z","gnomad_pageviews":0.0,"exac_pageviews":10052},{"date":"2015-05-19T00:00:00.000Z","gnomad_pageviews":0.0,"exac_pageviews":9337},{"date":"2015-05-20T00:00:00.000Z","gnomad_pageviews":0.0,"exac_pageviews":8756},{"date":"2015-05-21T00:00:00.000Z","gnomad_pageviews":0.0,"exac_pageviews":9836},{"date":"2015-05-22T00:00:00.000Z","gnomad_pageviews":0.0,"exac_pageviews":9341},{"date":"2015-05-23T00:00:00.000Z","gnomad_pageviews":0.0,"exac_pageviews":1317},{"date":"2015-05-24T00:00:00.000Z","gnomad_pageviews":0.0,"exac_pageviews":1399},{"date":"2015-05-25T00:00:00.000Z","gnomad_pageviews":0.0,"exac_pageviews":6703},{"date":"2015-05-26T00:00:00.000Z","gnomad_pageviews":0.0,"exac_pageviews":9023},{"date":"2015-05-27T00:00:00.000Z","gnomad_pageviews":0.0,"exac_pageviews":9905},{"date":"2015-05-28T00:00:00.000Z","gnomad_pageviews":0.0,"exac_pageviews":9449},{"date":"2015-05-29T00:00:00.000Z","gnomad_pageviews":0.0,"exac_pageviews":8433},{"date":"2015-05-30T00:00:00.000Z","gnomad_pageviews":0.0,"exac_pageviews":1576},{"date":"2015-05-31T00:00:00.000Z","gnomad_pageviews":0.0,"exac_pageviews":1972},{"date":"2015-06-01T00:00:00.000Z","gnomad_pageviews":0.0,"exac_pageviews":8321},{"date":"2015-06-02T00:00:00.000Z","gnomad_pageviews":0.0,"exac_pageviews":10176},{"date":"2015-06-03T00:00:00.000Z","gnomad_pageviews":0.0,"exac_pageviews":9229},{"date":"2015-06-04T00:00:00.000Z","gnomad_pageviews":0.0,"exac_pageviews":7662},{"date":"2015-06-05T00:00:00.000Z","gnomad_pageviews":0.0,"exac_pageviews":7740},{"date":"2015-06-06T00:00:00.000Z","gnomad_pageviews":0.0,"exac_pageviews":1132},{"date":"2015-06-07T00:00:00.000Z","gnomad_pageviews":0.0,"exac_pageviews":2002},{"date":"2015-06-08T00:00:00.000Z","gnomad_pageviews":0.0,"exac_pageviews":9694},{"date":"2015-06-09T00:00:00.000Z","gnomad_pageviews":0.0,"exac_pageviews":8924},{"date":"2015-06-10T00:00:00.000Z","gnomad_pageviews":0.0,"exac_pageviews":9875},{"date":"2015-06-11T00:00:00.000Z","gnomad_pageviews":0.0,"exac_pageviews":12630},{"date":"2015-06-12T00:00:00.000Z","gnomad_pageviews":0.0,"exac_pageviews":7822},{"date":"2015-06-13T00:00:00.000Z","gnomad_pageviews":0.0,"exac_pageviews":1279},{"date":"2015-06-14T00:00:00.000Z","gnomad_pageviews":0.0,"exac_pageviews":1576},{"date":"2015-06-15T00:00:00.000Z","gnomad_pageviews":0.0,"exac_pageviews":10706},{"date":"2015-06-16T00:00:00.000Z","gnomad_pageviews":0.0,"exac_pageviews":10551},{"date":"2015-06-17T00:00:00.000Z","gnomad_pageviews":0.0,"exac_pageviews":8868},{"date":"2015-06-18T00:00:00.000Z","gnomad_pageviews":0.0,"exac_pageviews":9311},{"date":"2015-06-19T00:00:00.000Z","gnomad_pageviews":0.0,"exac_pageviews":7563},{"date":"2015-06-20T00:00:00.000Z","gnomad_pageviews":0.0,"exac_pageviews":1502},{"date":"2015-06-21T00:00:00.000Z","gnomad_pageviews":0.0,"exac_pageviews":1464},{"date":"2015-06-22T00:00:00.000Z","gnomad_pageviews":0.0,"exac_pageviews":7968},{"date":"2015-06-23T00:00:00.000Z","gnomad_pageviews":0.0,"exac_pageviews":9341},{"date":"2015-06-24T00:00:00.000Z","gnomad_pageviews":0.0,"exac_pageviews":9733},{"date":"2015-06-25T00:00:00.000Z","gnomad_pageviews":0.0,"exac_pageviews":10026},{"date":"2015-06-26T00:00:00.000Z","gnomad_pageviews":0.0,"exac_pageviews":8046},{"date":"2015-06-27T00:00:00.000Z","gnomad_pageviews":0.0,"exac_pageviews":1197},{"date":"2015-06-28T00:00:00.000Z","gnomad_pageviews":0.0,"exac_pageviews":1623},{"date":"2015-06-29T00:00:00.000Z","gnomad_pageviews":0.0,"exac_pageviews":9694},{"date":"2015-06-30T00:00:00.000Z","gnomad_pageviews":0.0,"exac_pageviews":9049},{"date":"2015-07-01T00:00:00.000Z","gnomad_pageviews":0.0,"exac_pageviews":10357},{"date":"2015-07-02T00:00:00.000Z","gnomad_pageviews":0.0,"exac_pageviews":10499},{"date":"2015-07-03T00:00:00.000Z","gnomad_pageviews":0.0,"exac_pageviews":4912},{"date":"2015-07-04T00:00:00.000Z","gnomad_pageviews":0.0,"exac_pageviews":1838},{"date":"2015-07-05T00:00:00.000Z","gnomad_pageviews":0.0,"exac_pageviews":3263},{"date":"2015-07-06T00:00:00.000Z","gnomad_pageviews":0.0,"exac_pageviews":11670},{"date":"2015-07-07T00:00:00.000Z","gnomad_pageviews":0.0,"exac_pageviews":10835},{"date":"2015-07-08T00:00:00.000Z","gnomad_pageviews":0.0,"exac_pageviews":12888},{"date":"2015-07-09T00:00:00.000Z","gnomad_pageviews":0.0,"exac_pageviews":10164},{"date":"2015-07-10T00:00:00.000Z","gnomad_pageviews":0.0,"exac_pageviews":11339},{"date":"2015-07-11T00:00:00.000Z","gnomad_pageviews":0.0,"exac_pageviews":857},{"date":"2015-07-12T00:00:00.000Z","gnomad_pageviews":0.0,"exac_pageviews":2622},{"date":"2015-07-13T00:00:00.000Z","gnomad_pageviews":0.0,"exac_pageviews":11162},{"date":"2015-07-14T00:00:00.000Z","gnomad_pageviews":0.0,"exac_pageviews":8954},{"date":"2015-07-15T00:00:00.000Z","gnomad_pageviews":0.0,"exac_pageviews":9673},{"date":"2015-07-16T00:00:00.000Z","gnomad_pageviews":0.0,"exac_pageviews":11309},{"date":"2015-07-17T00:00:00.000Z","gnomad_pageviews":0.0,"exac_pageviews":10529},{"date":"2015-07-18T00:00:00.000Z","gnomad_pageviews":0.0,"exac_pageviews":2505},{"date":"2015-07-19T00:00:00.000Z","gnomad_pageviews":0.0,"exac_pageviews":2385},{"date":"2015-07-20T00:00:00.000Z","gnomad_pageviews":0.0,"exac_pageviews":9643},{"date":"2015-07-21T00:00:00.000Z","gnomad_pageviews":0.0,"exac_pageviews":11330},{"date":"2015-07-22T00:00:00.000Z","gnomad_pageviews":0.0,"exac_pageviews":12901},{"date":"2015-07-23T00:00:00.000Z","gnomad_pageviews":0.0,"exac_pageviews":10288},{"date":"2015-07-24T00:00:00.000Z","gnomad_pageviews":0.0,"exac_pageviews":9617},{"date":"2015-07-25T00:00:00.000Z","gnomad_pageviews":0.0,"exac_pageviews":2101},{"date":"2015-07-26T00:00:00.000Z","gnomad_pageviews":0.0,"exac_pageviews":1675},{"date":"2015-07-27T00:00:00.000Z","gnomad_pageviews":0.0,"exac_pageviews":14425},{"date":"2015-07-28T00:00:00.000Z","gnomad_pageviews":0.0,"exac_pageviews":10715},{"date":"2015-07-29T00:00:00.000Z","gnomad_pageviews":0.0,"exac_pageviews":11141},{"date":"2015-07-30T00:00:00.000Z","gnomad_pageviews":0.0,"exac_pageviews":9156},{"date":"2015-07-31T00:00:00.000Z","gnomad_pageviews":0.0,"exac_pageviews":8347},{"date":"2015-08-01T00:00:00.000Z","gnomad_pageviews":0.0,"exac_pageviews":4606},{"date":"2015-08-02T00:00:00.000Z","gnomad_pageviews":0.0,"exac_pageviews":5725},{"date":"2015-08-03T00:00:00.000Z","gnomad_pageviews":0.0,"exac_pageviews":10964},{"date":"2015-08-04T00:00:00.000Z","gnomad_pageviews":0.0,"exac_pageviews":10099},{"date":"2015-08-05T00:00:00.000Z","gnomad_pageviews":0.0,"exac_pageviews":10654},{"date":"2015-08-06T00:00:00.000Z","gnomad_pageviews":0.0,"exac_pageviews":11412},{"date":"2015-08-07T00:00:00.000Z","gnomad_pageviews":0.0,"exac_pageviews":9724},{"date":"2015-08-08T00:00:00.000Z","gnomad_pageviews":0.0,"exac_pageviews":969},{"date":"2015-08-09T00:00:00.000Z","gnomad_pageviews":0.0,"exac_pageviews":2148},{"date":"2015-08-10T00:00:00.000Z","gnomad_pageviews":0.0,"exac_pageviews":10594},{"date":"2015-08-11T00:00:00.000Z","gnomad_pageviews":0.0,"exac_pageviews":10745},{"date":"2015-08-12T00:00:00.000Z","gnomad_pageviews":0.0,"exac_pageviews":9251},{"date":"2015-08-13T00:00:00.000Z","gnomad_pageviews":0.0,"exac_pageviews":7520},{"date":"2015-08-14T00:00:00.000Z","gnomad_pageviews":0.0,"exac_pageviews":6909},{"date":"2015-08-15T00:00:00.000Z","gnomad_pageviews":0.0,"exac_pageviews":1343},{"date":"2015-08-16T00:00:00.000Z","gnomad_pageviews":0.0,"exac_pageviews":1739},{"date":"2015-08-17T00:00:00.000Z","gnomad_pageviews":0.0,"exac_pageviews":8653},{"date":"2015-08-18T00:00:00.000Z","gnomad_pageviews":0.0,"exac_pageviews":10753},{"date":"2015-08-19T00:00:00.000Z","gnomad_pageviews":0.0,"exac_pageviews":10181},{"date":"2015-08-20T00:00:00.000Z","gnomad_pageviews":0.0,"exac_pageviews":9862},{"date":"2015-08-21T00:00:00.000Z","gnomad_pageviews":0.0,"exac_pageviews":8709},{"date":"2015-08-22T00:00:00.000Z","gnomad_pageviews":0.0,"exac_pageviews":1287},{"date":"2015-08-23T00:00:00.000Z","gnomad_pageviews":0.0,"exac_pageviews":1558},{"date":"2015-08-24T00:00:00.000Z","gnomad_pageviews":0.0,"exac_pageviews":9466},{"date":"2015-08-25T00:00:00.000Z","gnomad_pageviews":0.0,"exac_pageviews":11003},{"date":"2015-08-26T00:00:00.000Z","gnomad_pageviews":0.0,"exac_pageviews":8777},{"date":"2015-08-27T00:00:00.000Z","gnomad_pageviews":0.0,"exac_pageviews":10280},{"date":"2015-08-28T00:00:00.000Z","gnomad_pageviews":0.0,"exac_pageviews":7546},{"date":"2015-08-29T00:00:00.000Z","gnomad_pageviews":0.0,"exac_pageviews":1347},{"date":"2015-08-30T00:00:00.000Z","gnomad_pageviews":0.0,"exac_pageviews":2617},{"date":"2015-08-31T00:00:00.000Z","gnomad_pageviews":0.0,"exac_pageviews":8562},{"date":"2015-09-01T00:00:00.000Z","gnomad_pageviews":0.0,"exac_pageviews":10616},{"date":"2015-09-02T00:00:00.000Z","gnomad_pageviews":0.0,"exac_pageviews":9311},{"date":"2015-09-03T00:00:00.000Z","gnomad_pageviews":0.0,"exac_pageviews":9023},{"date":"2015-09-04T00:00:00.000Z","gnomad_pageviews":0.0,"exac_pageviews":11403},{"date":"2015-09-05T00:00:00.000Z","gnomad_pageviews":0.0,"exac_pageviews":964},{"date":"2015-09-06T00:00:00.000Z","gnomad_pageviews":0.0,"exac_pageviews":1959},{"date":"2015-09-07T00:00:00.000Z","gnomad_pageviews":0.0,"exac_pageviews":7400},{"date":"2015-09-08T00:00:00.000Z","gnomad_pageviews":0.0,"exac_pageviews":10852},{"date":"2015-09-09T00:00:00.000Z","gnomad_pageviews":0.0,"exac_pageviews":12045},{"date":"2015-09-10T00:00:00.000Z","gnomad_pageviews":0.0,"exac_pageviews":10732},{"date":"2015-09-11T00:00:00.000Z","gnomad_pageviews":0.0,"exac_pageviews":7813},{"date":"2015-09-12T00:00:00.000Z","gnomad_pageviews":0.0,"exac_pageviews":1472},{"date":"2015-09-13T00:00:00.000Z","gnomad_pageviews":0.0,"exac_pageviews":2566},{"date":"2015-09-14T00:00:00.000Z","gnomad_pageviews":0.0,"exac_pageviews":12368},{"date":"2015-09-15T00:00:00.000Z","gnomad_pageviews":0.0,"exac_pageviews":11537},{"date":"2015-09-16T00:00:00.000Z","gnomad_pageviews":0.0,"exac_pageviews":11020},{"date":"2015-09-17T00:00:00.000Z","gnomad_pageviews":0.0,"exac_pageviews":10125},{"date":"2015-09-18T00:00:00.000Z","gnomad_pageviews":0.0,"exac_pageviews":9341},{"date":"2015-09-19T00:00:00.000Z","gnomad_pageviews":0.0,"exac_pageviews":1588},{"date":"2015-09-20T00:00:00.000Z","gnomad_pageviews":0.0,"exac_pageviews":1795},{"date":"2015-09-21T00:00:00.000Z","gnomad_pageviews":0.0,"exac_pageviews":10288},{"date":"2015-09-22T00:00:00.000Z","gnomad_pageviews":0.0,"exac_pageviews":9901},{"date":"2015-09-23T00:00:00.000Z","gnomad_pageviews":0.0,"exac_pageviews":9010},{"date":"2015-09-24T00:00:00.000Z","gnomad_pageviews":0.0,"exac_pageviews":10861},{"date":"2015-09-25T00:00:00.000Z","gnomad_pageviews":0.0,"exac_pageviews":7430},{"date":"2015-09-26T00:00:00.000Z","gnomad_pageviews":0.0,"exac_pageviews":1623},{"date":"2015-09-27T00:00:00.000Z","gnomad_pageviews":0.0,"exac_pageviews":2604},{"date":"2015-09-28T00:00:00.000Z","gnomad_pageviews":0.0,"exac_pageviews":9092},{"date":"2015-09-29T00:00:00.000Z","gnomad_pageviews":0.0,"exac_pageviews":10288},{"date":"2015-09-30T00:00:00.000Z","gnomad_pageviews":0.0,"exac_pageviews":12725},{"date":"2015-10-01T00:00:00.000Z","gnomad_pageviews":0.0,"exac_pageviews":9862},{"date":"2015-10-02T00:00:00.000Z","gnomad_pageviews":0.0,"exac_pageviews":8700},{"date":"2015-10-03T00:00:00.000Z","gnomad_pageviews":0.0,"exac_pageviews":1124},{"date":"2015-10-04T00:00:00.000Z","gnomad_pageviews":0.0,"exac_pageviews":1481},{"date":"2015-10-05T00:00:00.000Z","gnomad_pageviews":0.0,"exac_pageviews":6164},{"date":"2015-10-06T00:00:00.000Z","gnomad_pageviews":0.0,"exac_pageviews":9272},{"date":"2015-10-07T00:00:00.000Z","gnomad_pageviews":0.0,"exac_pageviews":10271},{"date":"2015-10-08T00:00:00.000Z","gnomad_pageviews":0.0,"exac_pageviews":7796},{"date":"2015-10-09T00:00:00.000Z","gnomad_pageviews":0.0,"exac_pageviews":8403},{"date":"2015-10-10T00:00:00.000Z","gnomad_pageviews":0.0,"exac_pageviews":2432},{"date":"2015-10-11T00:00:00.000Z","gnomad_pageviews":0.0,"exac_pageviews":2566},{"date":"2015-10-12T00:00:00.000Z","gnomad_pageviews":0.0,"exac_pageviews":9828},{"date":"2015-10-13T00:00:00.000Z","gnomad_pageviews":0.0,"exac_pageviews":10297},{"date":"2015-10-14T00:00:00.000Z","gnomad_pageviews":0.0,"exac_pageviews":11730},{"date":"2015-10-15T00:00:00.000Z","gnomad_pageviews":0.0,"exac_pageviews":9216},{"date":"2015-10-16T00:00:00.000Z","gnomad_pageviews":0.0,"exac_pageviews":10069},{"date":"2015-10-17T00:00:00.000Z","gnomad_pageviews":0.0,"exac_pageviews":1769},{"date":"2015-10-18T00:00:00.000Z","gnomad_pageviews":0.0,"exac_pageviews":3676},{"date":"2015-10-19T00:00:00.000Z","gnomad_pageviews":0.0,"exac_pageviews":11825},{"date":"2015-10-20T00:00:00.000Z","gnomad_pageviews":0.0,"exac_pageviews":12600},{"date":"2015-10-21T00:00:00.000Z","gnomad_pageviews":0.0,"exac_pageviews":12518},{"date":"2015-10-22T00:00:00.000Z","gnomad_pageviews":0.0,"exac_pageviews":10633},{"date":"2015-10-23T00:00:00.000Z","gnomad_pageviews":0.0,"exac_pageviews":7615},{"date":"2015-10-24T00:00:00.000Z","gnomad_pageviews":0.0,"exac_pageviews":1632},{"date":"2015-10-25T00:00:00.000Z","gnomad_pageviews":0.0,"exac_pageviews":1795},{"date":"2015-10-26T00:00:00.000Z","gnomad_pageviews":0.0,"exac_pageviews":10594},{"date":"2015-10-27T00:00:00.000Z","gnomad_pageviews":0.0,"exac_pageviews":11253},{"date":"2015-10-28T00:00:00.000Z","gnomad_pageviews":0.0,"exac_pageviews":12006},{"date":"2015-10-29T00:00:00.000Z","gnomad_pageviews":0.0,"exac_pageviews":11575},{"date":"2015-10-30T00:00:00.000Z","gnomad_pageviews":0.0,"exac_pageviews":7985},{"date":"2015-10-31T00:00:00.000Z","gnomad_pageviews":0.0,"exac_pageviews":1821},{"date":"2015-11-01T00:00:00.000Z","gnomad_pageviews":0.0,"exac_pageviews":4331},{"date":"2015-11-02T00:00:00.000Z","gnomad_pageviews":0.0,"exac_pageviews":12785},{"date":"2015-11-03T00:00:00.000Z","gnomad_pageviews":0.0,"exac_pageviews":15420},{"date":"2015-11-04T00:00:00.000Z","gnomad_pageviews":0.0,"exac_pageviews":10181},{"date":"2015-11-05T00:00:00.000Z","gnomad_pageviews":0.0,"exac_pageviews":13151},{"date":"2015-11-06T00:00:00.000Z","gnomad_pageviews":0.0,"exac_pageviews":9501},{"date":"2015-11-07T00:00:00.000Z","gnomad_pageviews":0.0,"exac_pageviews":2359},{"date":"2015-11-08T00:00:00.000Z","gnomad_pageviews":0.0,"exac_pageviews":2480},{"date":"2015-11-09T00:00:00.000Z","gnomad_pageviews":0.0,"exac_pageviews":13164},{"date":"2015-11-10T00:00:00.000Z","gnomad_pageviews":0.0,"exac_pageviews":14270},{"date":"2015-11-11T00:00:00.000Z","gnomad_pageviews":0.0,"exac_pageviews":13160},{"date":"2015-11-12T00:00:00.000Z","gnomad_pageviews":0.0,"exac_pageviews":12488},{"date":"2015-11-13T00:00:00.000Z","gnomad_pageviews":0.0,"exac_pageviews":12161},{"date":"2015-11-14T00:00:00.000Z","gnomad_pageviews":0.0,"exac_pageviews":2355},{"date":"2015-11-15T00:00:00.000Z","gnomad_pageviews":0.0,"exac_pageviews":3190},{"date":"2015-11-16T00:00:00.000Z","gnomad_pageviews":0.0,"exac_pageviews":12385},{"date":"2015-11-17T00:00:00.000Z","gnomad_pageviews":0.0,"exac_pageviews":11515},{"date":"2015-11-18T00:00:00.000Z","gnomad_pageviews":0.0,"exac_pageviews":13418},{"date":"2015-11-19T00:00:00.000Z","gnomad_pageviews":0.0,"exac_pageviews":11080},{"date":"2015-11-20T00:00:00.000Z","gnomad_pageviews":0.0,"exac_pageviews":11076},{"date":"2015-11-21T00:00:00.000Z","gnomad_pageviews":0.0,"exac_pageviews":2346},{"date":"2015-11-22T00:00:00.000Z","gnomad_pageviews":0.0,"exac_pageviews":5243},{"date":"2015-11-23T00:00:00.000Z","gnomad_pageviews":0.0,"exac_pageviews":13117},{"date":"2015-11-24T00:00:00.000Z","gnomad_pageviews":0.0,"exac_pageviews":12510},{"date":"2015-11-25T00:00:00.000Z","gnomad_pageviews":0.0,"exac_pageviews":12389},{"date":"2015-11-26T00:00:00.000Z","gnomad_pageviews":0.0,"exac_pageviews":7150},{"date":"2015-11-27T00:00:00.000Z","gnomad_pageviews":0.0,"exac_pageviews":7452},{"date":"2015-11-28T00:00:00.000Z","gnomad_pageviews":0.0,"exac_pageviews":1726},{"date":"2015-11-29T00:00:00.000Z","gnomad_pageviews":0.0,"exac_pageviews":2523},{"date":"2015-11-30T00:00:00.000Z","gnomad_pageviews":0.0,"exac_pageviews":13461},{"date":"2015-12-01T00:00:00.000Z","gnomad_pageviews":0.0,"exac_pageviews":15316},{"date":"2015-12-02T00:00:00.000Z","gnomad_pageviews":0.0,"exac_pageviews":11390},{"date":"2015-12-03T00:00:00.000Z","gnomad_pageviews":0.0,"exac_pageviews":13603},{"date":"2015-12-04T00:00:00.000Z","gnomad_pageviews":0.0,"exac_pageviews":11382},{"date":"2015-12-05T00:00:00.000Z","gnomad_pageviews":0.0,"exac_pageviews":4796},{"date":"2015-12-06T00:00:00.000Z","gnomad_pageviews":0.0,"exac_pageviews":3689},{"date":"2015-12-07T00:00:00.000Z","gnomad_pageviews":0.0,"exac_pageviews":11322},{"date":"2015-12-08T00:00:00.000Z","gnomad_pageviews":0.0,"exac_pageviews":11588},{"date":"2015-12-09T00:00:00.000Z","gnomad_pageviews":0.0,"exac_pageviews":12983},{"date":"2015-12-10T00:00:00.000Z","gnomad_pageviews":0.0,"exac_pageviews":12273},{"date":"2015-12-11T00:00:00.000Z","gnomad_pageviews":0.0,"exac_pageviews":9234},{"date":"2015-12-12T00:00:00.000Z","gnomad_pageviews":0.0,"exac_pageviews":2243},{"date":"2015-12-13T00:00:00.000Z","gnomad_pageviews":0.0,"exac_pageviews":5118},{"date":"2015-12-14T00:00:00.000Z","gnomad_pageviews":0.0,"exac_pageviews":13203},{"date":"2015-12-15T00:00:00.000Z","gnomad_pageviews":0.0,"exac_pageviews":14051},{"date":"2015-12-16T00:00:00.000Z","gnomad_pageviews":0.0,"exac_pageviews":15209},{"date":"2015-12-17T00:00:00.000Z","gnomad_pageviews":0.0,"exac_pageviews":11933},{"date":"2015-12-18T00:00:00.000Z","gnomad_pageviews":0.0,"exac_pageviews":12432},{"date":"2015-12-19T00:00:00.000Z","gnomad_pageviews":0.0,"exac_pageviews":2342},{"date":"2015-12-20T00:00:00.000Z","gnomad_pageviews":0.0,"exac_pageviews":2841},{"date":"2015-12-21T00:00:00.000Z","gnomad_pageviews":0.0,"exac_pageviews":12445},{"date":"2015-12-22T00:00:00.000Z","gnomad_pageviews":0.0,"exac_pageviews":12906},{"date":"2015-12-23T00:00:00.000Z","gnomad_pageviews":0.0,"exac_pageviews":7869},{"date":"2015-12-24T00:00:00.000Z","gnomad_pageviews":0.0,"exac_pageviews":3844},{"date":"2015-12-25T00:00:00.000Z","gnomad_pageviews":0.0,"exac_pageviews":2768},{"date":"2015-12-26T00:00:00.000Z","gnomad_pageviews":0.0,"exac_pageviews":2419},{"date":"2015-12-27T00:00:00.000Z","gnomad_pageviews":0.0,"exac_pageviews":1481},{"date":"2015-12-28T00:00:00.000Z","gnomad_pageviews":0.0,"exac_pageviews":5751},{"date":"2015-12-29T00:00:00.000Z","gnomad_pageviews":0.0,"exac_pageviews":6078},{"date":"2015-12-30T00:00:00.000Z","gnomad_pageviews":0.0,"exac_pageviews":5794},{"date":"2015-12-31T00:00:00.000Z","gnomad_pageviews":0.0,"exac_pageviews":4438},{"date":"2016-01-01T00:00:00.000Z","gnomad_pageviews":0.0,"exac_pageviews":973},{"date":"2016-01-02T00:00:00.000Z","gnomad_pageviews":0.0,"exac_pageviews":1274},{"date":"2016-01-03T00:00:00.000Z","gnomad_pageviews":0.0,"exac_pageviews":1864},{"date":"2016-01-04T00:00:00.000Z","gnomad_pageviews":0.0,"exac_pageviews":10056},{"date":"2016-01-05T00:00:00.000Z","gnomad_pageviews":0.0,"exac_pageviews":10207},{"date":"2016-01-06T00:00:00.000Z","gnomad_pageviews":0.0,"exac_pageviews":12303},{"date":"2016-01-07T00:00:00.000Z","gnomad_pageviews":0.0,"exac_pageviews":11339},{"date":"2016-01-08T00:00:00.000Z","gnomad_pageviews":0.0,"exac_pageviews":9978},{"date":"2016-01-09T00:00:00.000Z","gnomad_pageviews":0.0,"exac_pageviews":1158},{"date":"2016-01-10T00:00:00.000Z","gnomad_pageviews":0.0,"exac_pageviews":3547},{"date":"2016-01-11T00:00:00.000Z","gnomad_pageviews":0.0,"exac_pageviews":11253},{"date":"2016-01-12T00:00:00.000Z","gnomad_pageviews":0.0,"exac_pageviews":13086},{"date":"2016-01-13T00:00:00.000Z","gnomad_pageviews":0.0,"exac_pageviews":11197},{"date":"2016-01-14T00:00:00.000Z","gnomad_pageviews":0.0,"exac_pageviews":13853},{"date":"2016-01-15T00:00:00.000Z","gnomad_pageviews":0.0,"exac_pageviews":11119},{"date":"2016-01-16T00:00:00.000Z","gnomad_pageviews":0.0,"exac_pageviews":1580},{"date":"2016-01-17T00:00:00.000Z","gnomad_pageviews":0.0,"exac_pageviews":2415},{"date":"2016-01-18T00:00:00.000Z","gnomad_pageviews":0.0,"exac_pageviews":10624},{"date":"2016-01-19T00:00:00.000Z","gnomad_pageviews":0.0,"exac_pageviews":13633},{"date":"2016-01-20T00:00:00.000Z","gnomad_pageviews":0.0,"exac_pageviews":13495},{"date":"2016-01-21T00:00:00.000Z","gnomad_pageviews":0.0,"exac_pageviews":13848},{"date":"2016-01-22T00:00:00.000Z","gnomad_pageviews":0.0,"exac_pageviews":11752},{"date":"2016-01-23T00:00:00.000Z","gnomad_pageviews":0.0,"exac_pageviews":2152},{"date":"2016-01-24T00:00:00.000Z","gnomad_pageviews":0.0,"exac_pageviews":2906},{"date":"2016-01-25T00:00:00.000Z","gnomad_pageviews":0.0,"exac_pageviews":15984},{"date":"2016-01-26T00:00:00.000Z","gnomad_pageviews":0.0,"exac_pageviews":13513},{"date":"2016-01-27T00:00:00.000Z","gnomad_pageviews":0.0,"exac_pageviews":15734},{"date":"2016-01-28T00:00:00.000Z","gnomad_pageviews":0.0,"exac_pageviews":13018},{"date":"2016-01-29T00:00:00.000Z","gnomad_pageviews":0.0,"exac_pageviews":11657},{"date":"2016-01-30T00:00:00.000Z","gnomad_pageviews":0.0,"exac_pageviews":1782},{"date":"2016-01-31T00:00:00.000Z","gnomad_pageviews":0.0,"exac_pageviews":3099},{"date":"2016-02-01T00:00:00.000Z","gnomad_pageviews":0.0,"exac_pageviews":14399},{"date":"2016-02-02T00:00:00.000Z","gnomad_pageviews":0.0,"exac_pageviews":16018},{"date":"2016-02-03T00:00:00.000Z","gnomad_pageviews":0.0,"exac_pageviews":15084},{"date":"2016-02-04T00:00:00.000Z","gnomad_pageviews":0.0,"exac_pageviews":14778},{"date":"2016-02-05T00:00:00.000Z","gnomad_pageviews":0.0,"exac_pageviews":10646},{"date":"2016-02-06T00:00:00.000Z","gnomad_pageviews":0.0,"exac_pageviews":1713},{"date":"2016-02-07T00:00:00.000Z","gnomad_pageviews":0.0,"exac_pageviews":2157},{"date":"2016-02-08T00:00:00.000Z","gnomad_pageviews":0.0,"exac_pageviews":13427},{"date":"2016-02-09T00:00:00.000Z","gnomad_pageviews":0.0,"exac_pageviews":14623},{"date":"2016-02-10T00:00:00.000Z","gnomad_pageviews":0.0,"exac_pageviews":11197},{"date":"2016-02-11T00:00:00.000Z","gnomad_pageviews":0.0,"exac_pageviews":12876},{"date":"2016-02-12T00:00:00.000Z","gnomad_pageviews":0.0,"exac_pageviews":9737},{"date":"2016-02-13T00:00:00.000Z","gnomad_pageviews":0.0,"exac_pageviews":2815},{"date":"2016-02-14T00:00:00.000Z","gnomad_pageviews":0.0,"exac_pageviews":3022},{"date":"2016-02-15T00:00:00.000Z","gnomad_pageviews":0.0,"exac_pageviews":13659},{"date":"2016-02-16T00:00:00.000Z","gnomad_pageviews":0.0,"exac_pageviews":13121},{"date":"2016-02-17T00:00:00.000Z","gnomad_pageviews":0.0,"exac_pageviews":11524},{"date":"2016-02-18T00:00:00.000Z","gnomad_pageviews":0.0,"exac_pageviews":13065},{"date":"2016-02-19T00:00:00.000Z","gnomad_pageviews":0.0,"exac_pageviews":11429},{"date":"2016-02-20T00:00:00.000Z","gnomad_pageviews":0.0,"exac_pageviews":2183},{"date":"2016-02-21T00:00:00.000Z","gnomad_pageviews":0.0,"exac_pageviews":4709},{"date":"2016-02-22T00:00:00.000Z","gnomad_pageviews":0.0,"exac_pageviews":13078},{"date":"2016-02-23T00:00:00.000Z","gnomad_pageviews":0.0,"exac_pageviews":14877},{"date":"2016-02-24T00:00:00.000Z","gnomad_pageviews":0.0,"exac_pageviews":15260},{"date":"2016-02-25T00:00:00.000Z","gnomad_pageviews":0.0,"exac_pageviews":14425},{"date":"2016-02-26T00:00:00.000Z","gnomad_pageviews":0.0,"exac_pageviews":12402},{"date":"2016-02-27T00:00:00.000Z","gnomad_pageviews":0.0,"exac_pageviews":1799},{"date":"2016-02-28T00:00:00.000Z","gnomad_pageviews":0.0,"exac_pageviews":3061},{"date":"2016-02-29T00:00:00.000Z","gnomad_pageviews":0.0,"exac_pageviews":12931},{"date":"2016-03-01T00:00:00.000Z","gnomad_pageviews":0.0,"exac_pageviews":13366},{"date":"2016-03-02T00:00:00.000Z","gnomad_pageviews":0.0,"exac_pageviews":14541},{"date":"2016-03-03T00:00:00.000Z","gnomad_pageviews":0.0,"exac_pageviews":13422},{"date":"2016-03-04T00:00:00.000Z","gnomad_pageviews":0.0,"exac_pageviews":11369},{"date":"2016-03-05T00:00:00.000Z","gnomad_pageviews":0.0,"exac_pageviews":1700},{"date":"2016-03-06T00:00:00.000Z","gnomad_pageviews":0.0,"exac_pageviews":3091},{"date":"2016-03-07T00:00:00.000Z","gnomad_pageviews":0.0,"exac_pageviews":14783},{"date":"2016-03-08T00:00:00.000Z","gnomad_pageviews":0.0,"exac_pageviews":16250},{"date":"2016-03-09T00:00:00.000Z","gnomad_pageviews":0.0,"exac_pageviews":14244},{"date":"2016-03-10T00:00:00.000Z","gnomad_pageviews":0.0,"exac_pageviews":12083},{"date":"2016-03-11T00:00:00.000Z","gnomad_pageviews":0.0,"exac_pageviews":10383},{"date":"2016-03-12T00:00:00.000Z","gnomad_pageviews":0.0,"exac_pageviews":2574},{"date":"2016-03-13T00:00:00.000Z","gnomad_pageviews":0.0,"exac_pageviews":3573},{"date":"2016-03-14T00:00:00.000Z","gnomad_pageviews":0.0,"exac_pageviews":16298},{"date":"2016-03-15T00:00:00.000Z","gnomad_pageviews":0.0,"exac_pageviews":15790},{"date":"2016-03-16T00:00:00.000Z","gnomad_pageviews":0.0,"exac_pageviews":12923},{"date":"2016-03-17T00:00:00.000Z","gnomad_pageviews":0.0,"exac_pageviews":12764},{"date":"2016-03-18T00:00:00.000Z","gnomad_pageviews":0.0,"exac_pageviews":10340},{"date":"2016-03-19T00:00:00.000Z","gnomad_pageviews":0.0,"exac_pageviews":2579},{"date":"2016-03-20T00:00:00.000Z","gnomad_pageviews":0.0,"exac_pageviews":2596},{"date":"2016-03-21T00:00:00.000Z","gnomad_pageviews":0.0,"exac_pageviews":12643},{"date":"2016-03-22T00:00:00.000Z","gnomad_pageviews":0.0,"exac_pageviews":13276},{"date":"2016-03-23T00:00:00.000Z","gnomad_pageviews":0.0,"exac_pageviews":11593},{"date":"2016-03-24T00:00:00.000Z","gnomad_pageviews":0.0,"exac_pageviews":10792},{"date":"2016-03-25T00:00:00.000Z","gnomad_pageviews":0.0,"exac_pageviews":7774},{"date":"2016-03-26T00:00:00.000Z","gnomad_pageviews":0.0,"exac_pageviews":2010},{"date":"2016-03-27T00:00:00.000Z","gnomad_pageviews":0.0,"exac_pageviews":2200},{"date":"2016-03-28T00:00:00.000Z","gnomad_pageviews":0.0,"exac_pageviews":8696},{"date":"2016-03-29T00:00:00.000Z","gnomad_pageviews":0.0,"exac_pageviews":10895},{"date":"2016-03-30T00:00:00.000Z","gnomad_pageviews":0.0,"exac_pageviews":13754},{"date":"2016-03-31T00:00:00.000Z","gnomad_pageviews":0.0,"exac_pageviews":13633},{"date":"2016-04-01T00:00:00.000Z","gnomad_pageviews":0.0,"exac_pageviews":10641},{"date":"2016-04-02T00:00:00.000Z","gnomad_pageviews":0.0,"exac_pageviews":1584},{"date":"2016-04-03T00:00:00.000Z","gnomad_pageviews":0.0,"exac_pageviews":2006},{"date":"2016-04-04T00:00:00.000Z","gnomad_pageviews":0.0,"exac_pageviews":11700},{"date":"2016-04-05T00:00:00.000Z","gnomad_pageviews":0.0,"exac_pageviews":10891},{"date":"2016-04-06T00:00:00.000Z","gnomad_pageviews":0.0,"exac_pageviews":11614},{"date":"2016-04-07T00:00:00.000Z","gnomad_pageviews":0.0,"exac_pageviews":11778},{"date":"2016-04-08T00:00:00.000Z","gnomad_pageviews":0.0,"exac_pageviews":11644},{"date":"2016-04-09T00:00:00.000Z","gnomad_pageviews":0.0,"exac_pageviews":2475},{"date":"2016-04-10T00:00:00.000Z","gnomad_pageviews":0.0,"exac_pageviews":2635},{"date":"2016-04-11T00:00:00.000Z","gnomad_pageviews":0.0,"exac_pageviews":13590},{"date":"2016-04-12T00:00:00.000Z","gnomad_pageviews":0.0,"exac_pageviews":14313},{"date":"2016-04-13T00:00:00.000Z","gnomad_pageviews":0.0,"exac_pageviews":15652},{"date":"2016-04-14T00:00:00.000Z","gnomad_pageviews":0.0,"exac_pageviews":15179},{"date":"2016-04-15T00:00:00.000Z","gnomad_pageviews":0.0,"exac_pageviews":11933},{"date":"2016-04-16T00:00:00.000Z","gnomad_pageviews":0.0,"exac_pageviews":3457},{"date":"2016-04-17T00:00:00.000Z","gnomad_pageviews":0.0,"exac_pageviews":4886},{"date":"2016-04-18T00:00:00.000Z","gnomad_pageviews":0.0,"exac_pageviews":14460},{"date":"2016-04-19T00:00:00.000Z","gnomad_pageviews":0.0,"exac_pageviews":17241},{"date":"2016-04-20T00:00:00.000Z","gnomad_pageviews":0.0,"exac_pageviews":13142},{"date":"2016-04-21T00:00:00.000Z","gnomad_pageviews":0.0,"exac_pageviews":12617},{"date":"2016-04-22T00:00:00.000Z","gnomad_pageviews":0.0,"exac_pageviews":11063},{"date":"2016-04-23T00:00:00.000Z","gnomad_pageviews":0.0,"exac_pageviews":2656},{"date":"2016-04-24T00:00:00.000Z","gnomad_pageviews":0.0,"exac_pageviews":2583},{"date":"2016-04-25T00:00:00.000Z","gnomad_pageviews":0.0,"exac_pageviews":12281},{"date":"2016-04-26T00:00:00.000Z","gnomad_pageviews":0.0,"exac_pageviews":13681},{"date":"2016-04-27T00:00:00.000Z","gnomad_pageviews":0.0,"exac_pageviews":12876},{"date":"2016-04-28T00:00:00.000Z","gnomad_pageviews":0.0,"exac_pageviews":13702},{"date":"2016-04-29T00:00:00.000Z","gnomad_pageviews":0.0,"exac_pageviews":12880},{"date":"2016-04-30T00:00:00.000Z","gnomad_pageviews":0.0,"exac_pageviews":1675},{"date":"2016-05-01T00:00:00.000Z","gnomad_pageviews":0.0,"exac_pageviews":2794},{"date":"2016-05-02T00:00:00.000Z","gnomad_pageviews":0.0,"exac_pageviews":18218},{"date":"2016-05-03T00:00:00.000Z","gnomad_pageviews":0.0,"exac_pageviews":13500},{"date":"2016-05-04T00:00:00.000Z","gnomad_pageviews":0.0,"exac_pageviews":14391},{"date":"2016-05-05T00:00:00.000Z","gnomad_pageviews":0.0,"exac_pageviews":13715},{"date":"2016-05-06T00:00:00.000Z","gnomad_pageviews":0.0,"exac_pageviews":11726},{"date":"2016-05-07T00:00:00.000Z","gnomad_pageviews":0.0,"exac_pageviews":2798},{"date":"2016-05-08T00:00:00.000Z","gnomad_pageviews":0.0,"exac_pageviews":2643},{"date":"2016-05-09T00:00:00.000Z","gnomad_pageviews":0.0,"exac_pageviews":15282},{"date":"2016-05-10T00:00:00.000Z","gnomad_pageviews":0.0,"exac_pageviews":16401},{"date":"2016-05-11T00:00:00.000Z","gnomad_pageviews":0.0,"exac_pageviews":14434},{"date":"2016-05-12T00:00:00.000Z","gnomad_pageviews":0.0,"exac_pageviews":11894},{"date":"2016-05-13T00:00:00.000Z","gnomad_pageviews":0.0,"exac_pageviews":7146},{"date":"2016-05-14T00:00:00.000Z","gnomad_pageviews":0.0,"exac_pageviews":3181},{"date":"2016-05-15T00:00:00.000Z","gnomad_pageviews":0.0,"exac_pageviews":3939},{"date":"2016-05-16T00:00:00.000Z","gnomad_pageviews":0.0,"exac_pageviews":14391},{"date":"2016-05-17T00:00:00.000Z","gnomad_pageviews":0.0,"exac_pageviews":13478},{"date":"2016-05-18T00:00:00.000Z","gnomad_pageviews":0.0,"exac_pageviews":14232},{"date":"2016-05-19T00:00:00.000Z","gnomad_pageviews":0.0,"exac_pageviews":13986},{"date":"2016-05-20T00:00:00.000Z","gnomad_pageviews":0.0,"exac_pageviews":12036},{"date":"2016-05-21T00:00:00.000Z","gnomad_pageviews":0.0,"exac_pageviews":2815},{"date":"2016-05-22T00:00:00.000Z","gnomad_pageviews":0.0,"exac_pageviews":2962},{"date":"2016-05-23T00:00:00.000Z","gnomad_pageviews":0.0,"exac_pageviews":12432},{"date":"2016-05-24T00:00:00.000Z","gnomad_pageviews":0.0,"exac_pageviews":15312},{"date":"2016-05-25T00:00:00.000Z","gnomad_pageviews":0.0,"exac_pageviews":13487},{"date":"2016-05-26T00:00:00.000Z","gnomad_pageviews":0.0,"exac_pageviews":11136},{"date":"2016-05-27T00:00:00.000Z","gnomad_pageviews":0.0,"exac_pageviews":9991},{"date":"2016-05-28T00:00:00.000Z","gnomad_pageviews":0.0,"exac_pageviews":1649},{"date":"2016-05-29T00:00:00.000Z","gnomad_pageviews":0.0,"exac_pageviews":2475},{"date":"2016-05-30T00:00:00.000Z","gnomad_pageviews":0.0,"exac_pageviews":7783},{"date":"2016-05-31T00:00:00.000Z","gnomad_pageviews":0.0,"exac_pageviews":13155},{"date":"2016-06-01T00:00:00.000Z","gnomad_pageviews":0.0,"exac_pageviews":12665},{"date":"2016-06-02T00:00:00.000Z","gnomad_pageviews":0.0,"exac_pageviews":13771},{"date":"2016-06-03T00:00:00.000Z","gnomad_pageviews":0.0,"exac_pageviews":12936},{"date":"2016-06-04T00:00:00.000Z","gnomad_pageviews":0.0,"exac_pageviews":3056},{"date":"2016-06-05T00:00:00.000Z","gnomad_pageviews":0.0,"exac_pageviews":3483},{"date":"2016-06-06T00:00:00.000Z","gnomad_pageviews":0.0,"exac_pageviews":14244},{"date":"2016-06-07T00:00:00.000Z","gnomad_pageviews":0.0,"exac_pageviews":14550},{"date":"2016-06-08T00:00:00.000Z","gnomad_pageviews":0.0,"exac_pageviews":13797},{"date":"2016-06-09T00:00:00.000Z","gnomad_pageviews":0.0,"exac_pageviews":11778},{"date":"2016-06-10T00:00:00.000Z","gnomad_pageviews":0.0,"exac_pageviews":11326},{"date":"2016-06-11T00:00:00.000Z","gnomad_pageviews":0.0,"exac_pageviews":2006},{"date":"2016-06-12T00:00:00.000Z","gnomad_pageviews":0.0,"exac_pageviews":3147},{"date":"2016-06-13T00:00:00.000Z","gnomad_pageviews":0.0,"exac_pageviews":12441},{"date":"2016-06-14T00:00:00.000Z","gnomad_pageviews":0.0,"exac_pageviews":13362},{"date":"2016-06-15T00:00:00.000Z","gnomad_pageviews":0.0,"exac_pageviews":13155},{"date":"2016-06-16T00:00:00.000Z","gnomad_pageviews":0.0,"exac_pageviews":15764},{"date":"2016-06-17T00:00:00.000Z","gnomad_pageviews":0.0,"exac_pageviews":12350},{"date":"2016-06-18T00:00:00.000Z","gnomad_pageviews":0.0,"exac_pageviews":2312},{"date":"2016-06-19T00:00:00.000Z","gnomad_pageviews":0.0,"exac_pageviews":2609},{"date":"2016-06-20T00:00:00.000Z","gnomad_pageviews":0.0,"exac_pageviews":12161},{"date":"2016-06-21T00:00:00.000Z","gnomad_pageviews":0.0,"exac_pageviews":18321},{"date":"2016-06-22T00:00:00.000Z","gnomad_pageviews":0.0,"exac_pageviews":13035},{"date":"2016-06-23T00:00:00.000Z","gnomad_pageviews":0.0,"exac_pageviews":13646},{"date":"2016-06-24T00:00:00.000Z","gnomad_pageviews":0.0,"exac_pageviews":9488},{"date":"2016-06-25T00:00:00.000Z","gnomad_pageviews":0.0,"exac_pageviews":2320},{"date":"2016-06-26T00:00:00.000Z","gnomad_pageviews":0.0,"exac_pageviews":3319},{"date":"2016-06-27T00:00:00.000Z","gnomad_pageviews":0.0,"exac_pageviews":14817},{"date":"2016-06-28T00:00:00.000Z","gnomad_pageviews":0.0,"exac_pageviews":14692},{"date":"2016-06-29T00:00:00.000Z","gnomad_pageviews":0.0,"exac_pageviews":17086},{"date":"2016-06-30T00:00:00.000Z","gnomad_pageviews":0.0,"exac_pageviews":14051},{"date":"2016-07-01T00:00:00.000Z","gnomad_pageviews":0.0,"exac_pageviews":9389},{"date":"2016-07-02T00:00:00.000Z","gnomad_pageviews":0.0,"exac_pageviews":1980},{"date":"2016-07-03T00:00:00.000Z","gnomad_pageviews":0.0,"exac_pageviews":2066},{"date":"2016-07-04T00:00:00.000Z","gnomad_pageviews":0.0,"exac_pageviews":6530},{"date":"2016-07-05T00:00:00.000Z","gnomad_pageviews":0.0,"exac_pageviews":14253},{"date":"2016-07-06T00:00:00.000Z","gnomad_pageviews":0.0,"exac_pageviews":13741},{"date":"2016-07-07T00:00:00.000Z","gnomad_pageviews":0.0,"exac_pageviews":13629},{"date":"2016-07-08T00:00:00.000Z","gnomad_pageviews":0.0,"exac_pageviews":10822},{"date":"2016-07-09T00:00:00.000Z","gnomad_pageviews":0.0,"exac_pageviews":1851},{"date":"2016-07-10T00:00:00.000Z","gnomad_pageviews":0.0,"exac_pageviews":2863},{"date":"2016-07-11T00:00:00.000Z","gnomad_pageviews":0.0,"exac_pageviews":11864},{"date":"2016-07-12T00:00:00.000Z","gnomad_pageviews":0.0,"exac_pageviews":13866},{"date":"2016-07-13T00:00:00.000Z","gnomad_pageviews":0.0,"exac_pageviews":13035},{"date":"2016-07-14T00:00:00.000Z","gnomad_pageviews":0.0,"exac_pageviews":15153},{"date":"2016-07-15T00:00:00.000Z","gnomad_pageviews":0.0,"exac_pageviews":17068},{"date":"2016-07-16T00:00:00.000Z","gnomad_pageviews":0.0,"exac_pageviews":1821},{"date":"2016-07-17T00:00:00.000Z","gnomad_pageviews":0.0,"exac_pageviews":4989},{"date":"2016-07-18T00:00:00.000Z","gnomad_pageviews":0.0,"exac_pageviews":11950},{"date":"2016-07-19T00:00:00.000Z","gnomad_pageviews":0.0,"exac_pageviews":15136},{"date":"2016-07-20T00:00:00.000Z","gnomad_pageviews":0.0,"exac_pageviews":12845},{"date":"2016-07-21T00:00:00.000Z","gnomad_pageviews":0.0,"exac_pageviews":13629},{"date":"2016-07-22T00:00:00.000Z","gnomad_pageviews":0.0,"exac_pageviews":10194},{"date":"2016-07-23T00:00:00.000Z","gnomad_pageviews":0.0,"exac_pageviews":3741},{"date":"2016-07-24T00:00:00.000Z","gnomad_pageviews":0.0,"exac_pageviews":2656},{"date":"2016-07-25T00:00:00.000Z","gnomad_pageviews":0.0,"exac_pageviews":13168},{"date":"2016-07-26T00:00:00.000Z","gnomad_pageviews":0.0,"exac_pageviews":14197},{"date":"2016-07-27T00:00:00.000Z","gnomad_pageviews":0.0,"exac_pageviews":12617},{"date":"2016-07-28T00:00:00.000Z","gnomad_pageviews":0.0,"exac_pageviews":11162},{"date":"2016-07-29T00:00:00.000Z","gnomad_pageviews":0.0,"exac_pageviews":10026},{"date":"2016-07-30T00:00:00.000Z","gnomad_pageviews":0.0,"exac_pageviews":1657},{"date":"2016-07-31T00:00:00.000Z","gnomad_pageviews":0.0,"exac_pageviews":2505},{"date":"2016-08-01T00:00:00.000Z","gnomad_pageviews":0.0,"exac_pageviews":12777},{"date":"2016-08-02T00:00:00.000Z","gnomad_pageviews":0.0,"exac_pageviews":12695},{"date":"2016-08-03T00:00:00.000Z","gnomad_pageviews":0.0,"exac_pageviews":13379},{"date":"2016-08-04T00:00:00.000Z","gnomad_pageviews":0.0,"exac_pageviews":14210},{"date":"2016-08-05T00:00:00.000Z","gnomad_pageviews":0.0,"exac_pageviews":10448},{"date":"2016-08-06T00:00:00.000Z","gnomad_pageviews":0.0,"exac_pageviews":1769},{"date":"2016-08-07T00:00:00.000Z","gnomad_pageviews":0.0,"exac_pageviews":2591},{"date":"2016-08-08T00:00:00.000Z","gnomad_pageviews":0.0,"exac_pageviews":12880},{"date":"2016-08-09T00:00:00.000Z","gnomad_pageviews":0.0,"exac_pageviews":14834},{"date":"2016-08-10T00:00:00.000Z","gnomad_pageviews":0.0,"exac_pageviews":11597},{"date":"2016-08-11T00:00:00.000Z","gnomad_pageviews":0.0,"exac_pageviews":11984},{"date":"2016-08-12T00:00:00.000Z","gnomad_pageviews":0.0,"exac_pageviews":9272},{"date":"2016-08-13T00:00:00.000Z","gnomad_pageviews":0.0,"exac_pageviews":3112},{"date":"2016-08-14T00:00:00.000Z","gnomad_pageviews":0.0,"exac_pageviews":3594},{"date":"2016-08-15T00:00:00.000Z","gnomad_pageviews":0.0,"exac_pageviews":13556},{"date":"2016-08-16T00:00:00.000Z","gnomad_pageviews":0.0,"exac_pageviews":18937},{"date":"2016-08-17T00:00:00.000Z","gnomad_pageviews":0.0,"exac_pageviews":15140},{"date":"2016-08-18T00:00:00.000Z","gnomad_pageviews":0.0,"exac_pageviews":20869},{"date":"2016-08-19T00:00:00.000Z","gnomad_pageviews":0.0,"exac_pageviews":14305},{"date":"2016-08-20T00:00:00.000Z","gnomad_pageviews":0.0,"exac_pageviews":3125},{"date":"2016-08-21T00:00:00.000Z","gnomad_pageviews":0.0,"exac_pageviews":4498},{"date":"2016-08-22T00:00:00.000Z","gnomad_pageviews":0.0,"exac_pageviews":17111},{"date":"2016-08-23T00:00:00.000Z","gnomad_pageviews":0.0,"exac_pageviews":16948},{"date":"2016-08-24T00:00:00.000Z","gnomad_pageviews":0.0,"exac_pageviews":15476},{"date":"2016-08-25T00:00:00.000Z","gnomad_pageviews":0.0,"exac_pageviews":14847},{"date":"2016-08-26T00:00:00.000Z","gnomad_pageviews":0.0,"exac_pageviews":11877},{"date":"2016-08-27T00:00:00.000Z","gnomad_pageviews":0.0,"exac_pageviews":2049},{"date":"2016-08-28T00:00:00.000Z","gnomad_pageviews":0.0,"exac_pageviews":4223},{"date":"2016-08-29T00:00:00.000Z","gnomad_pageviews":0.0,"exac_pageviews":14938},{"date":"2016-08-30T00:00:00.000Z","gnomad_pageviews":0.0,"exac_pageviews":16225},{"date":"2016-08-31T00:00:00.000Z","gnomad_pageviews":0.0,"exac_pageviews":14899},{"date":"2016-09-01T00:00:00.000Z","gnomad_pageviews":0.0,"exac_pageviews":13233},{"date":"2016-09-02T00:00:00.000Z","gnomad_pageviews":0.0,"exac_pageviews":10943},{"date":"2016-09-03T00:00:00.000Z","gnomad_pageviews":0.0,"exac_pageviews":2471},{"date":"2016-09-04T00:00:00.000Z","gnomad_pageviews":0.0,"exac_pageviews":4486},{"date":"2016-09-05T00:00:00.000Z","gnomad_pageviews":0.0,"exac_pageviews":9212},{"date":"2016-09-06T00:00:00.000Z","gnomad_pageviews":0.0,"exac_pageviews":15222},{"date":"2016-09-07T00:00:00.000Z","gnomad_pageviews":0.0,"exac_pageviews":14352},{"date":"2016-09-08T00:00:00.000Z","gnomad_pageviews":0.0,"exac_pageviews":13117},{"date":"2016-09-09T00:00:00.000Z","gnomad_pageviews":0.0,"exac_pageviews":11619},{"date":"2016-09-10T00:00:00.000Z","gnomad_pageviews":0.0,"exac_pageviews":2703},{"date":"2016-09-11T00:00:00.000Z","gnomad_pageviews":0.0,"exac_pageviews":3732},{"date":"2016-09-12T00:00:00.000Z","gnomad_pageviews":0.0,"exac_pageviews":14339},{"date":"2016-09-13T00:00:00.000Z","gnomad_pageviews":0.0,"exac_pageviews":13939},{"date":"2016-09-14T00:00:00.000Z","gnomad_pageviews":0.0,"exac_pageviews":15381},{"date":"2016-09-15T00:00:00.000Z","gnomad_pageviews":0.0,"exac_pageviews":14064},{"date":"2016-09-16T00:00:00.000Z","gnomad_pageviews":0.0,"exac_pageviews":10783},{"date":"2016-09-17T00:00:00.000Z","gnomad_pageviews":0.0,"exac_pageviews":2359},{"date":"2016-09-18T00:00:00.000Z","gnomad_pageviews":0.0,"exac_pageviews":4305},{"date":"2016-09-19T00:00:00.000Z","gnomad_pageviews":0.0,"exac_pageviews":14615},{"date":"2016-09-20T00:00:00.000Z","gnomad_pageviews":0.0,"exac_pageviews":16169},{"date":"2016-09-21T00:00:00.000Z","gnomad_pageviews":0.0,"exac_pageviews":14817},{"date":"2016-09-22T00:00:00.000Z","gnomad_pageviews":0.0,"exac_pageviews":13827},{"date":"2016-09-23T00:00:00.000Z","gnomad_pageviews":0.0,"exac_pageviews":12062},{"date":"2016-09-24T00:00:00.000Z","gnomad_pageviews":0.0,"exac_pageviews":2656},{"date":"2016-09-25T00:00:00.000Z","gnomad_pageviews":0.0,"exac_pageviews":4158},{"date":"2016-09-26T00:00:00.000Z","gnomad_pageviews":0.0,"exac_pageviews":15691},{"date":"2016-09-27T00:00:00.000Z","gnomad_pageviews":0.0,"exac_pageviews":14615},{"date":"2016-09-28T00:00:00.000Z","gnomad_pageviews":0.0,"exac_pageviews":14270},{"date":"2016-09-29T00:00:00.000Z","gnomad_pageviews":0.0,"exac_pageviews":13616},{"date":"2016-09-30T00:00:00.000Z","gnomad_pageviews":0.0,"exac_pageviews":12019},{"date":"2016-10-01T00:00:00.000Z","gnomad_pageviews":0.0,"exac_pageviews":1959},{"date":"2016-10-02T00:00:00.000Z","gnomad_pageviews":0.0,"exac_pageviews":3594},{"date":"2016-10-03T00:00:00.000Z","gnomad_pageviews":0.0,"exac_pageviews":15084},{"date":"2016-10-04T00:00:00.000Z","gnomad_pageviews":0.0,"exac_pageviews":14352},{"date":"2016-10-05T00:00:00.000Z","gnomad_pageviews":0.0,"exac_pageviews":15622},{"date":"2016-10-06T00:00:00.000Z","gnomad_pageviews":0.0,"exac_pageviews":13978},{"date":"2016-10-07T00:00:00.000Z","gnomad_pageviews":0.0,"exac_pageviews":16565},{"date":"2016-10-08T00:00:00.000Z","gnomad_pageviews":0.0,"exac_pageviews":2208},{"date":"2016-10-09T00:00:00.000Z","gnomad_pageviews":0.0,"exac_pageviews":3099},{"date":"2016-10-10T00:00:00.000Z","gnomad_pageviews":0.0,"exac_pageviews":14623},{"date":"2016-10-11T00:00:00.000Z","gnomad_pageviews":0.0,"exac_pageviews":17408},{"date":"2016-10-12T00:00:00.000Z","gnomad_pageviews":0.0,"exac_pageviews":18967},{"date":"2016-10-13T00:00:00.000Z","gnomad_pageviews":0.0,"exac_pageviews":18549},{"date":"2016-10-14T00:00:00.000Z","gnomad_pageviews":0.0,"exac_pageviews":17335},{"date":"2016-10-15T00:00:00.000Z","gnomad_pageviews":0.0,"exac_pageviews":2703},{"date":"2016-10-16T00:00:00.000Z","gnomad_pageviews":0.0,"exac_pageviews":4085},{"date":"2016-10-17T00:00:00.000Z","gnomad_pageviews":0.0,"exac_pageviews":18498},{"date":"2016-10-18T00:00:00.000Z","gnomad_pageviews":0.0,"exac_pageviews":24068},{"date":"2016-10-19T00:00:00.000Z","gnomad_pageviews":6967.0,"exac_pageviews":21507},{"date":"2016-10-20T00:00:00.000Z","gnomad_pageviews":6911.0,"exac_pageviews":26672},{"date":"2016-10-21T00:00:00.000Z","gnomad_pageviews":2724.0,"exac_pageviews":15988},{"date":"2016-10-22T00:00:00.000Z","gnomad_pageviews":887.0,"exac_pageviews":2402},{"date":"2016-10-23T00:00:00.000Z","gnomad_pageviews":894.0,"exac_pageviews":3220},{"date":"2016-10-24T00:00:00.000Z","gnomad_pageviews":2891.0,"exac_pageviews":14778},{"date":"2016-10-25T00:00:00.000Z","gnomad_pageviews":1540.0,"exac_pageviews":16186},{"date":"2016-10-26T00:00:00.000Z","gnomad_pageviews":2800.0,"exac_pageviews":16083},{"date":"2016-10-27T00:00:00.000Z","gnomad_pageviews":2970.0,"exac_pageviews":16926},{"date":"2016-10-28T00:00:00.000Z","gnomad_pageviews":2465.0,"exac_pageviews":13844},{"date":"2016-10-29T00:00:00.000Z","gnomad_pageviews":349.0,"exac_pageviews":1920},{"date":"2016-10-30T00:00:00.000Z","gnomad_pageviews":393.0,"exac_pageviews":2970},{"date":"2016-10-31T00:00:00.000Z","gnomad_pageviews":2662.0,"exac_pageviews":14253},{"date":"2016-11-01T00:00:00.000Z","gnomad_pageviews":2167.0,"exac_pageviews":12075},{"date":"2016-11-02T00:00:00.000Z","gnomad_pageviews":2665.0,"exac_pageviews":14387},{"date":"2016-11-03T00:00:00.000Z","gnomad_pageviews":2315.0,"exac_pageviews":15196},{"date":"2016-11-04T00:00:00.000Z","gnomad_pageviews":2318.0,"exac_pageviews":15282},{"date":"2016-11-05T00:00:00.000Z","gnomad_pageviews":568.0,"exac_pageviews":2497},{"date":"2016-11-06T00:00:00.000Z","gnomad_pageviews":614.0,"exac_pageviews":4438},{"date":"2016-11-07T00:00:00.000Z","gnomad_pageviews":2356.0,"exac_pageviews":17555},{"date":"2016-11-08T00:00:00.000Z","gnomad_pageviews":2930.0,"exac_pageviews":22157},{"date":"2016-11-09T00:00:00.000Z","gnomad_pageviews":2561.0,"exac_pageviews":18894},{"date":"2016-11-10T00:00:00.000Z","gnomad_pageviews":2862.0,"exac_pageviews":17895},{"date":"2016-11-11T00:00:00.000Z","gnomad_pageviews":2372.0,"exac_pageviews":12380},{"date":"2016-11-12T00:00:00.000Z","gnomad_pageviews":460.0,"exac_pageviews":2449},{"date":"2016-11-13T00:00:00.000Z","gnomad_pageviews":1111.0,"exac_pageviews":3530},{"date":"2016-11-14T00:00:00.000Z","gnomad_pageviews":2565.0,"exac_pageviews":17998},{"date":"2016-11-15T00:00:00.000Z","gnomad_pageviews":3074.0,"exac_pageviews":14925},{"date":"2016-11-16T00:00:00.000Z","gnomad_pageviews":3640.0,"exac_pageviews":14296},{"date":"2016-11-17T00:00:00.000Z","gnomad_pageviews":3072.0,"exac_pageviews":15467},{"date":"2016-11-18T00:00:00.000Z","gnomad_pageviews":2433.0,"exac_pageviews":13056},{"date":"2016-11-19T00:00:00.000Z","gnomad_pageviews":528.0,"exac_pageviews":2419},{"date":"2016-11-20T00:00:00.000Z","gnomad_pageviews":1032.0,"exac_pageviews":3685},{"date":"2016-11-21T00:00:00.000Z","gnomad_pageviews":3026.0,"exac_pageviews":15282},{"date":"2016-11-22T00:00:00.000Z","gnomad_pageviews":3427.0,"exac_pageviews":13009},{"date":"2016-11-23T00:00:00.000Z","gnomad_pageviews":2649.0,"exac_pageviews":13982},{"date":"2016-11-24T00:00:00.000Z","gnomad_pageviews":2125.0,"exac_pageviews":10374},{"date":"2016-11-25T00:00:00.000Z","gnomad_pageviews":2233.0,"exac_pageviews":7938},{"date":"2016-11-26T00:00:00.000Z","gnomad_pageviews":1789.0,"exac_pageviews":2536},{"date":"2016-11-27T00:00:00.000Z","gnomad_pageviews":2069.0,"exac_pageviews":5058},{"date":"2016-11-28T00:00:00.000Z","gnomad_pageviews":3155.0,"exac_pageviews":14998},{"date":"2016-11-29T00:00:00.000Z","gnomad_pageviews":3818.0,"exac_pageviews":17619},{"date":"2016-11-30T00:00:00.000Z","gnomad_pageviews":3969.0,"exac_pageviews":26392},{"date":"2016-12-01T00:00:00.000Z","gnomad_pageviews":3676.0,"exac_pageviews":13353},{"date":"2016-12-02T00:00:00.000Z","gnomad_pageviews":3455.0,"exac_pageviews":12238},{"date":"2016-12-03T00:00:00.000Z","gnomad_pageviews":898.0,"exac_pageviews":1898},{"date":"2016-12-04T00:00:00.000Z","gnomad_pageviews":1117.0,"exac_pageviews":10577},{"date":"2016-12-05T00:00:00.000Z","gnomad_pageviews":3773.0,"exac_pageviews":15824},{"date":"2016-12-06T00:00:00.000Z","gnomad_pageviews":3930.0,"exac_pageviews":15885},{"date":"2016-12-07T00:00:00.000Z","gnomad_pageviews":3642.0,"exac_pageviews":15501},{"date":"2016-12-08T00:00:00.000Z","gnomad_pageviews":2453.0,"exac_pageviews":13465},{"date":"2016-12-09T00:00:00.000Z","gnomad_pageviews":2814.0,"exac_pageviews":12867},{"date":"2016-12-10T00:00:00.000Z","gnomad_pageviews":507.0,"exac_pageviews":2824},{"date":"2016-12-11T00:00:00.000Z","gnomad_pageviews":530.0,"exac_pageviews":4128},{"date":"2016-12-12T00:00:00.000Z","gnomad_pageviews":3798.0,"exac_pageviews":18110},{"date":"2016-12-13T00:00:00.000Z","gnomad_pageviews":3308.0,"exac_pageviews":15510},{"date":"2016-12-14T00:00:00.000Z","gnomad_pageviews":3830.0,"exac_pageviews":15209},{"date":"2016-12-15T00:00:00.000Z","gnomad_pageviews":2742.0,"exac_pageviews":17159},{"date":"2016-12-16T00:00:00.000Z","gnomad_pageviews":2249.0,"exac_pageviews":13681},{"date":"2016-12-17T00:00:00.000Z","gnomad_pageviews":514.0,"exac_pageviews":2492},{"date":"2016-12-18T00:00:00.000Z","gnomad_pageviews":664.0,"exac_pageviews":3603},{"date":"2016-12-19T00:00:00.000Z","gnomad_pageviews":4020.0,"exac_pageviews":15153},{"date":"2016-12-20T00:00:00.000Z","gnomad_pageviews":3098.0,"exac_pageviews":14800},{"date":"2016-12-21T00:00:00.000Z","gnomad_pageviews":3321.0,"exac_pageviews":12815},{"date":"2016-12-22T00:00:00.000Z","gnomad_pageviews":2217.0,"exac_pageviews":11296},{"date":"2016-12-23T00:00:00.000Z","gnomad_pageviews":981.0,"exac_pageviews":7124},{"date":"2016-12-24T00:00:00.000Z","gnomad_pageviews":383.0,"exac_pageviews":973},{"date":"2016-12-25T00:00:00.000Z","gnomad_pageviews":274.0,"exac_pageviews":1817},{"date":"2016-12-26T00:00:00.000Z","gnomad_pageviews":691.0,"exac_pageviews":3444},{"date":"2016-12-27T00:00:00.000Z","gnomad_pageviews":1713.0,"exac_pageviews":10237},{"date":"2016-12-28T00:00:00.000Z","gnomad_pageviews":1763.0,"exac_pageviews":8898},{"date":"2016-12-29T00:00:00.000Z","gnomad_pageviews":2430.0,"exac_pageviews":11158},{"date":"2016-12-30T00:00:00.000Z","gnomad_pageviews":1204.0,"exac_pageviews":5773},{"date":"2016-12-31T00:00:00.000Z","gnomad_pageviews":324.0,"exac_pageviews":1739},{"date":"2017-01-01T00:00:00.000Z","gnomad_pageviews":1274.0,"exac_pageviews":1554},{"date":"2017-01-02T00:00:00.000Z","gnomad_pageviews":1562.0,"exac_pageviews":6565},{"date":"2017-01-03T00:00:00.000Z","gnomad_pageviews":4075.0,"exac_pageviews":11412},{"date":"2017-01-04T00:00:00.000Z","gnomad_pageviews":3367.0,"exac_pageviews":13216},{"date":"2017-01-05T00:00:00.000Z","gnomad_pageviews":3157.0,"exac_pageviews":15355},{"date":"2017-01-06T00:00:00.000Z","gnomad_pageviews":2652.0,"exac_pageviews":11003},{"date":"2017-01-07T00:00:00.000Z","gnomad_pageviews":610.0,"exac_pageviews":4950},{"date":"2017-01-08T00:00:00.000Z","gnomad_pageviews":895.0,"exac_pageviews":4636},{"date":"2017-01-09T00:00:00.000Z","gnomad_pageviews":3507.0,"exac_pageviews":15454},{"date":"2017-01-10T00:00:00.000Z","gnomad_pageviews":3625.0,"exac_pageviews":13018},{"date":"2017-01-11T00:00:00.000Z","gnomad_pageviews":2533.0,"exac_pageviews":15600},{"date":"2017-01-12T00:00:00.000Z","gnomad_pageviews":2525.0,"exac_pageviews":21868},{"date":"2017-01-13T00:00:00.000Z","gnomad_pageviews":2799.0,"exac_pageviews":16780},{"date":"2017-01-14T00:00:00.000Z","gnomad_pageviews":510.0,"exac_pageviews":8696},{"date":"2017-01-15T00:00:00.000Z","gnomad_pageviews":471.0,"exac_pageviews":3461},{"date":"2017-01-16T00:00:00.000Z","gnomad_pageviews":2770.0,"exac_pageviews":17249},{"date":"2017-01-17T00:00:00.000Z","gnomad_pageviews":3402.0,"exac_pageviews":17249},{"date":"2017-01-18T00:00:00.000Z","gnomad_pageviews":3330.0,"exac_pageviews":16250},{"date":"2017-01-19T00:00:00.000Z","gnomad_pageviews":3127.0,"exac_pageviews":14856},{"date":"2017-01-20T00:00:00.000Z","gnomad_pageviews":2688.0,"exac_pageviews":12195},{"date":"2017-01-21T00:00:00.000Z","gnomad_pageviews":778.0,"exac_pageviews":4404},{"date":"2017-01-22T00:00:00.000Z","gnomad_pageviews":1176.0,"exac_pageviews":4434},{"date":"2017-01-23T00:00:00.000Z","gnomad_pageviews":3278.0,"exac_pageviews":17817},{"date":"2017-01-24T00:00:00.000Z","gnomad_pageviews":3276.0,"exac_pageviews":15949},{"date":"2017-01-25T00:00:00.000Z","gnomad_pageviews":3242.0,"exac_pageviews":13668},{"date":"2017-01-26T00:00:00.000Z","gnomad_pageviews":2958.0,"exac_pageviews":14817},{"date":"2017-01-27T00:00:00.000Z","gnomad_pageviews":2783.0,"exac_pageviews":12553},{"date":"2017-01-28T00:00:00.000Z","gnomad_pageviews":872.0,"exac_pageviews":1786},{"date":"2017-01-29T00:00:00.000Z","gnomad_pageviews":894.0,"exac_pageviews":2738},{"date":"2017-01-30T00:00:00.000Z","gnomad_pageviews":3396.0,"exac_pageviews":13526},{"date":"2017-01-31T00:00:00.000Z","gnomad_pageviews":3234.0,"exac_pageviews":13267},{"date":"2017-02-01T00:00:00.000Z","gnomad_pageviews":4095.0,"exac_pageviews":13164},{"date":"2017-02-02T00:00:00.000Z","gnomad_pageviews":3805.0,"exac_pageviews":13530},{"date":"2017-02-03T00:00:00.000Z","gnomad_pageviews":2944.0,"exac_pageviews":14120},{"date":"2017-02-04T00:00:00.000Z","gnomad_pageviews":747.0,"exac_pageviews":3892},{"date":"2017-02-05T00:00:00.000Z","gnomad_pageviews":725.0,"exac_pageviews":3780},{"date":"2017-02-06T00:00:00.000Z","gnomad_pageviews":3614.0,"exac_pageviews":16595},{"date":"2017-02-07T00:00:00.000Z","gnomad_pageviews":3554.0,"exac_pageviews":15024},{"date":"2017-02-08T00:00:00.000Z","gnomad_pageviews":2953.0,"exac_pageviews":15002},{"date":"2017-02-09T00:00:00.000Z","gnomad_pageviews":3860.0,"exac_pageviews":13590},{"date":"2017-02-10T00:00:00.000Z","gnomad_pageviews":3261.0,"exac_pageviews":14761},{"date":"2017-02-11T00:00:00.000Z","gnomad_pageviews":572.0,"exac_pageviews":3177},{"date":"2017-02-12T00:00:00.000Z","gnomad_pageviews":1230.0,"exac_pageviews":4942},{"date":"2017-02-13T00:00:00.000Z","gnomad_pageviews":3838.0,"exac_pageviews":15570},{"date":"2017-02-14T00:00:00.000Z","gnomad_pageviews":4078.0,"exac_pageviews":14963},{"date":"2017-02-15T00:00:00.000Z","gnomad_pageviews":3866.0,"exac_pageviews":13405},{"date":"2017-02-16T00:00:00.000Z","gnomad_pageviews":3617.0,"exac_pageviews":17744},{"date":"2017-02-17T00:00:00.000Z","gnomad_pageviews":2944.0,"exac_pageviews":13564},{"date":"2017-02-18T00:00:00.000Z","gnomad_pageviews":734.0,"exac_pageviews":2919},{"date":"2017-02-19T00:00:00.000Z","gnomad_pageviews":1026.0,"exac_pageviews":2914},{"date":"2017-02-20T00:00:00.000Z","gnomad_pageviews":3859.0,"exac_pageviews":16324},{"date":"2017-02-21T00:00:00.000Z","gnomad_pageviews":4285.0,"exac_pageviews":16492},{"date":"2017-02-22T00:00:00.000Z","gnomad_pageviews":3644.0,"exac_pageviews":18463},{"date":"2017-02-23T00:00:00.000Z","gnomad_pageviews":4231.0,"exac_pageviews":16789},{"date":"2017-02-24T00:00:00.000Z","gnomad_pageviews":3098.0,"exac_pageviews":11705},{"date":"2017-02-25T00:00:00.000Z","gnomad_pageviews":775.0,"exac_pageviews":2337},{"date":"2017-02-26T00:00:00.000Z","gnomad_pageviews":1555.0,"exac_pageviews":3371},{"date":"2017-02-27T00:00:00.000Z","gnomad_pageviews":6864.0,"exac_pageviews":15906},{"date":"2017-02-28T00:00:00.000Z","gnomad_pageviews":7204.0,"exac_pageviews":14124},{"date":"2017-03-01T00:00:00.000Z","gnomad_pageviews":6289.0,"exac_pageviews":14955},{"date":"2017-03-02T00:00:00.000Z","gnomad_pageviews":5422.0,"exac_pageviews":14137},{"date":"2017-03-03T00:00:00.000Z","gnomad_pageviews":5195.0,"exac_pageviews":12243},{"date":"2017-03-04T00:00:00.000Z","gnomad_pageviews":855.0,"exac_pageviews":2424},{"date":"2017-03-05T00:00:00.000Z","gnomad_pageviews":931.0,"exac_pageviews":4038},{"date":"2017-03-06T00:00:00.000Z","gnomad_pageviews":6307.0,"exac_pageviews":14477},{"date":"2017-03-07T00:00:00.000Z","gnomad_pageviews":5822.0,"exac_pageviews":15213},{"date":"2017-03-08T00:00:00.000Z","gnomad_pageviews":5873.0,"exac_pageviews":12824},{"date":"2017-03-09T00:00:00.000Z","gnomad_pageviews":5769.0,"exac_pageviews":15549},{"date":"2017-03-10T00:00:00.000Z","gnomad_pageviews":5497.0,"exac_pageviews":12768},{"date":"2017-03-11T00:00:00.000Z","gnomad_pageviews":775.0,"exac_pageviews":2036},{"date":"2017-03-12T00:00:00.000Z","gnomad_pageviews":1078.0,"exac_pageviews":3220},{"date":"2017-03-13T00:00:00.000Z","gnomad_pageviews":5859.0,"exac_pageviews":15200},{"date":"2017-03-14T00:00:00.000Z","gnomad_pageviews":5836.0,"exac_pageviews":14834},{"date":"2017-03-15T00:00:00.000Z","gnomad_pageviews":6216.0,"exac_pageviews":14658},{"date":"2017-03-16T00:00:00.000Z","gnomad_pageviews":6307.0,"exac_pageviews":16074},{"date":"2017-03-17T00:00:00.000Z","gnomad_pageviews":5161.0,"exac_pageviews":14072},{"date":"2017-03-18T00:00:00.000Z","gnomad_pageviews":3306.0,"exac_pageviews":3203},{"date":"2017-03-19T00:00:00.000Z","gnomad_pageviews":1098.0,"exac_pageviews":4210},{"date":"2017-03-20T00:00:00.000Z","gnomad_pageviews":5988.0,"exac_pageviews":19518},{"date":"2017-03-21T00:00:00.000Z","gnomad_pageviews":5980.0,"exac_pageviews":14623},{"date":"2017-03-22T00:00:00.000Z","gnomad_pageviews":6624.0,"exac_pageviews":14843},{"date":"2017-03-23T00:00:00.000Z","gnomad_pageviews":5087.0,"exac_pageviews":13444},{"date":"2017-03-24T00:00:00.000Z","gnomad_pageviews":4471.0,"exac_pageviews":13573},{"date":"2017-03-25T00:00:00.000Z","gnomad_pageviews":1157.0,"exac_pageviews":1743},{"date":"2017-03-26T00:00:00.000Z","gnomad_pageviews":1511.0,"exac_pageviews":3900},{"date":"2017-03-27T00:00:00.000Z","gnomad_pageviews":6270.0,"exac_pageviews":20176},{"date":"2017-03-28T00:00:00.000Z","gnomad_pageviews":6569.0,"exac_pageviews":16108},{"date":"2017-03-29T00:00:00.000Z","gnomad_pageviews":5858.0,"exac_pageviews":14335},{"date":"2017-03-30T00:00:00.000Z","gnomad_pageviews":5969.0,"exac_pageviews":13452},{"date":"2017-03-31T00:00:00.000Z","gnomad_pageviews":6058.0,"exac_pageviews":11451},{"date":"2017-04-01T00:00:00.000Z","gnomad_pageviews":3717.0,"exac_pageviews":2307},{"date":"2017-04-02T00:00:00.000Z","gnomad_pageviews":1791.0,"exac_pageviews":2772},{"date":"2017-04-03T00:00:00.000Z","gnomad_pageviews":6101.0,"exac_pageviews":13194},{"date":"2017-04-04T00:00:00.000Z","gnomad_pageviews":6964.0,"exac_pageviews":13840},{"date":"2017-04-05T00:00:00.000Z","gnomad_pageviews":6281.0,"exac_pageviews":14602},{"date":"2017-04-06T00:00:00.000Z","gnomad_pageviews":5837.0,"exac_pageviews":15695},{"date":"2017-04-07T00:00:00.000Z","gnomad_pageviews":5569.0,"exac_pageviews":11890},{"date":"2017-04-08T00:00:00.000Z","gnomad_pageviews":1324.0,"exac_pageviews":3935},{"date":"2017-04-09T00:00:00.000Z","gnomad_pageviews":1390.0,"exac_pageviews":5506},{"date":"2017-04-10T00:00:00.000Z","gnomad_pageviews":6327.0,"exac_pageviews":14064},{"date":"2017-04-11T00:00:00.000Z","gnomad_pageviews":6120.0,"exac_pageviews":15626},{"date":"2017-04-12T00:00:00.000Z","gnomad_pageviews":5992.0,"exac_pageviews":16078},{"date":"2017-04-13T00:00:00.000Z","gnomad_pageviews":5165.0,"exac_pageviews":13190},{"date":"2017-04-14T00:00:00.000Z","gnomad_pageviews":3541.0,"exac_pageviews":7749},{"date":"2017-04-15T00:00:00.000Z","gnomad_pageviews":1117.0,"exac_pageviews":2746},{"date":"2017-04-16T00:00:00.000Z","gnomad_pageviews":1364.0,"exac_pageviews":2824},{"date":"2017-04-17T00:00:00.000Z","gnomad_pageviews":4306.0,"exac_pageviews":10749},{"date":"2017-04-18T00:00:00.000Z","gnomad_pageviews":7250.0,"exac_pageviews":12583},{"date":"2017-04-19T00:00:00.000Z","gnomad_pageviews":6352.0,"exac_pageviews":14158},{"date":"2017-04-20T00:00:00.000Z","gnomad_pageviews":6591.0,"exac_pageviews":15032},{"date":"2017-04-21T00:00:00.000Z","gnomad_pageviews":5361.0,"exac_pageviews":9716},{"date":"2017-04-22T00:00:00.000Z","gnomad_pageviews":942.0,"exac_pageviews":2622},{"date":"2017-04-23T00:00:00.000Z","gnomad_pageviews":1387.0,"exac_pageviews":3069},{"date":"2017-04-24T00:00:00.000Z","gnomad_pageviews":6739.0,"exac_pageviews":12462},{"date":"2017-04-25T00:00:00.000Z","gnomad_pageviews":6934.0,"exac_pageviews":12540},{"date":"2017-04-26T00:00:00.000Z","gnomad_pageviews":8078.0,"exac_pageviews":14438},{"date":"2017-04-27T00:00:00.000Z","gnomad_pageviews":6234.0,"exac_pageviews":13625},{"date":"2017-04-28T00:00:00.000Z","gnomad_pageviews":5391.0,"exac_pageviews":10801},{"date":"2017-04-29T00:00:00.000Z","gnomad_pageviews":886.0,"exac_pageviews":2570},{"date":"2017-04-30T00:00:00.000Z","gnomad_pageviews":1441.0,"exac_pageviews":2471},{"date":"2017-05-01T00:00:00.000Z","gnomad_pageviews":4942.0,"exac_pageviews":8463},{"date":"2017-05-02T00:00:00.000Z","gnomad_pageviews":7138.0,"exac_pageviews":13650},{"date":"2017-05-03T00:00:00.000Z","gnomad_pageviews":7748.0,"exac_pageviews":13190},{"date":"2017-05-04T00:00:00.000Z","gnomad_pageviews":6930.0,"exac_pageviews":14193},{"date":"2017-05-05T00:00:00.000Z","gnomad_pageviews":6401.0,"exac_pageviews":12910},{"date":"2017-05-06T00:00:00.000Z","gnomad_pageviews":1140.0,"exac_pageviews":2350},{"date":"2017-05-07T00:00:00.000Z","gnomad_pageviews":1820.0,"exac_pageviews":3844},{"date":"2017-05-08T00:00:00.000Z","gnomad_pageviews":8279.0,"exac_pageviews":13642},{"date":"2017-05-09T00:00:00.000Z","gnomad_pageviews":9000.0,"exac_pageviews":13668},{"date":"2017-05-10T00:00:00.000Z","gnomad_pageviews":7598.0,"exac_pageviews":13801},{"date":"2017-05-11T00:00:00.000Z","gnomad_pageviews":7889.0,"exac_pageviews":12768},{"date":"2017-05-12T00:00:00.000Z","gnomad_pageviews":5928.0,"exac_pageviews":12531},{"date":"2017-05-13T00:00:00.000Z","gnomad_pageviews":810.0,"exac_pageviews":3276},{"date":"2017-05-14T00:00:00.000Z","gnomad_pageviews":1561.0,"exac_pageviews":3982},{"date":"2017-05-15T00:00:00.000Z","gnomad_pageviews":7921.0,"exac_pageviews":15484},{"date":"2017-05-16T00:00:00.000Z","gnomad_pageviews":8447.0,"exac_pageviews":15923},{"date":"2017-05-17T00:00:00.000Z","gnomad_pageviews":8613.0,"exac_pageviews":15144},{"date":"2017-05-18T00:00:00.000Z","gnomad_pageviews":7720.0,"exac_pageviews":13586},{"date":"2017-05-19T00:00:00.000Z","gnomad_pageviews":7382.0,"exac_pageviews":13069},{"date":"2017-05-20T00:00:00.000Z","gnomad_pageviews":1073.0,"exac_pageviews":1890},{"date":"2017-05-21T00:00:00.000Z","gnomad_pageviews":1942.0,"exac_pageviews":2660},{"date":"2017-05-22T00:00:00.000Z","gnomad_pageviews":8143.0,"exac_pageviews":13978},{"date":"2017-05-23T00:00:00.000Z","gnomad_pageviews":8670.0,"exac_pageviews":13220},{"date":"2017-05-24T00:00:00.000Z","gnomad_pageviews":9069.0,"exac_pageviews":13125},{"date":"2017-05-25T00:00:00.000Z","gnomad_pageviews":6896.0,"exac_pageviews":12372},{"date":"2017-05-26T00:00:00.000Z","gnomad_pageviews":6668.0,"exac_pageviews":10284},{"date":"2017-05-27T00:00:00.000Z","gnomad_pageviews":1378.0,"exac_pageviews":2355},{"date":"2017-05-28T00:00:00.000Z","gnomad_pageviews":1484.0,"exac_pageviews":2570},{"date":"2017-05-29T00:00:00.000Z","gnomad_pageviews":4518.0,"exac_pageviews":8734},{"date":"2017-05-30T00:00:00.000Z","gnomad_pageviews":8044.0,"exac_pageviews":13784},{"date":"2017-05-31T00:00:00.000Z","gnomad_pageviews":9114.0,"exac_pageviews":12738},{"date":"2017-06-01T00:00:00.000Z","gnomad_pageviews":8170.0,"exac_pageviews":12871},{"date":"2017-06-02T00:00:00.000Z","gnomad_pageviews":7715.0,"exac_pageviews":10469},{"date":"2017-06-03T00:00:00.000Z","gnomad_pageviews":990.0,"exac_pageviews":2058},{"date":"2017-06-04T00:00:00.000Z","gnomad_pageviews":1893.0,"exac_pageviews":2467},{"date":"2017-06-05T00:00:00.000Z","gnomad_pageviews":7741.0,"exac_pageviews":10482},{"date":"2017-06-06T00:00:00.000Z","gnomad_pageviews":8395.0,"exac_pageviews":12936},{"date":"2017-06-07T00:00:00.000Z","gnomad_pageviews":9323.0,"exac_pageviews":12531},{"date":"2017-06-08T00:00:00.000Z","gnomad_pageviews":8904.0,"exac_pageviews":14606},{"date":"2017-06-09T00:00:00.000Z","gnomad_pageviews":8271.0,"exac_pageviews":12411}]