[{"date":"2014-10-13T00:00:00.000Z","gnomad_sessions":0.0,"exac_sessions":4},{"date":"2014-10-14T00:00:00.000Z","gnomad_sessions":0.0,"exac_sessions":43},{"date":"2014-10-15T00:00:00.000Z","gnomad_sessions":0.0,"exac_sessions":38},{"date":"2014-10-16T00:00:00.000Z","gnomad_sessions":0.0,"exac_sessions":81},{"date":"2014-10-17T00:00:00.000Z","gnomad_sessions":0.0,"exac_sessions":34},{"date":"2014-10-18T00:00:00.000Z","gnomad_sessions":0.0,"exac_sessions":26},{"date":"2014-10-19T00:00:00.000Z","gnomad_sessions":0.0,"exac_sessions":77},{"date":"2014-10-20T00:00:00.000Z","gnomad_sessions":0.0,"exac_sessions":1561},{"date":"2014-10-21T00:00:00.000Z","gnomad_sessions":0.0,"exac_sessions":9245},{"date":"2014-10-22T00:00:00.000Z","gnomad_sessions":0.0,"exac_sessions":2372},{"date":"2014-10-23T00:00:00.000Z","gnomad_sessions":0.0,"exac_sessions":1050},{"date":"2014-10-24T00:00:00.000Z","gnomad_sessions":0.0,"exac_sessions":943},{"date":"2014-10-25T00:00:00.000Z","gnomad_sessions":0.0,"exac_sessions":209},{"date":"2014-10-26T00:00:00.000Z","gnomad_sessions":0.0,"exac_sessions":239},{"date":"2014-10-27T00:00:00.000Z","gnomad_sessions":0.0,"exac_sessions":828},{"date":"2014-10-28T00:00:00.000Z","gnomad_sessions":0.0,"exac_sessions":939},{"date":"2014-10-29T00:00:00.000Z","gnomad_sessions":0.0,"exac_sessions":913},{"date":"2014-10-30T00:00:00.000Z","gnomad_sessions":0.0,"exac_sessions":939},{"date":"2014-10-31T00:00:00.000Z","gnomad_sessions":0.0,"exac_sessions":866},{"date":"2014-11-01T00:00:00.000Z","gnomad_sessions":0.0,"exac_sessions":192},{"date":"2014-11-02T00:00:00.000Z","gnomad_sessions":0.0,"exac_sessions":239},{"date":"2014-11-03T00:00:00.000Z","gnomad_sessions":0.0,"exac_sessions":943},{"date":"2014-11-04T00:00:00.000Z","gnomad_sessions":0.0,"exac_sessions":866},{"date":"2014-11-05T00:00:00.000Z","gnomad_sessions":0.0,"exac_sessions":926},{"date":"2014-11-06T00:00:00.000Z","gnomad_sessions":0.0,"exac_sessions":883},{"date":"2014-11-07T00:00:00.000Z","gnomad_sessions":0.0,"exac_sessions":879},{"date":"2014-11-08T00:00:00.000Z","gnomad_sessions":0.0,"exac_sessions":205},{"date":"2014-11-09T00:00:00.000Z","gnomad_sessions":0.0,"exac_sessions":196},{"date":"2014-11-10T00:00:00.000Z","gnomad_sessions":0.0,"exac_sessions":883},{"date":"2014-11-11T00:00:00.000Z","gnomad_sessions":0.0,"exac_sessions":815},{"date":"2014-11-12T00:00:00.000Z","gnomad_sessions":0.0,"exac_sessions":887},{"date":"2014-11-13T00:00:00.000Z","gnomad_sessions":0.0,"exac_sessions":1015},{"date":"2014-11-14T00:00:00.000Z","gnomad_sessions":0.0,"exac_sessions":900},{"date":"2014-11-15T00:00:00.000Z","gnomad_sessions":0.0,"exac_sessions":222},{"date":"2014-11-16T00:00:00.000Z","gnomad_sessions":0.0,"exac_sessions":252},{"date":"2014-11-17T00:00:00.000Z","gnomad_sessions":0.0,"exac_sessions":994},{"date":"2014-11-18T00:00:00.000Z","gnomad_sessions":0.0,"exac_sessions":1143},{"date":"2014-11-19T00:00:00.000Z","gnomad_sessions":0.0,"exac_sessions":1058},{"date":"2014-11-20T00:00:00.000Z","gnomad_sessions":0.0,"exac_sessions":1084},{"date":"2014-11-21T00:00:00.000Z","gnomad_sessions":0.0,"exac_sessions":939},{"date":"2014-11-22T00:00:00.000Z","gnomad_sessions":0.0,"exac_sessions":205},{"date":"2014-11-23T00:00:00.000Z","gnomad_sessions":0.0,"exac_sessions":247},{"date":"2014-11-24T00:00:00.000Z","gnomad_sessions":0.0,"exac_sessions":1045},{"date":"2014-11-25T00:00:00.000Z","gnomad_sessions":0.0,"exac_sessions":1062},{"date":"2014-11-26T00:00:00.000Z","gnomad_sessions":0.0,"exac_sessions":832},{"date":"2014-11-27T00:00:00.000Z","gnomad_sessions":0.0,"exac_sessions":512},{"date":"2014-11-28T00:00:00.000Z","gnomad_sessions":0.0,"exac_sessions":512},{"date":"2014-11-29T00:00:00.000Z","gnomad_sessions":0.0,"exac_sessions":175},{"date":"2014-11-30T00:00:00.000Z","gnomad_sessions":0.0,"exac_sessions":218},{"date":"2014-12-01T00:00:00.000Z","gnomad_sessions":0.0,"exac_sessions":789},{"date":"2014-12-02T00:00:00.000Z","gnomad_sessions":0.0,"exac_sessions":1015},{"date":"2014-12-03T00:00:00.000Z","gnomad_sessions":0.0,"exac_sessions":986},{"date":"2014-12-04T00:00:00.000Z","gnomad_sessions":0.0,"exac_sessions":1024},{"date":"2014-12-05T00:00:00.000Z","gnomad_sessions":0.0,"exac_sessions":939},{"date":"2014-12-06T00:00:00.000Z","gnomad_sessions":0.0,"exac_sessions":230},{"date":"2014-12-07T00:00:00.000Z","gnomad_sessions":0.0,"exac_sessions":256},{"date":"2014-12-08T00:00:00.000Z","gnomad_sessions":0.0,"exac_sessions":998},{"date":"2014-12-09T00:00:00.000Z","gnomad_sessions":0.0,"exac_sessions":1092},{"date":"2014-12-10T00:00:00.000Z","gnomad_sessions":0.0,"exac_sessions":1050},{"date":"2014-12-11T00:00:00.000Z","gnomad_sessions":0.0,"exac_sessions":1199},{"date":"2014-12-12T00:00:00.000Z","gnomad_sessions":0.0,"exac_sessions":973},{"date":"2014-12-13T00:00:00.000Z","gnomad_sessions":0.0,"exac_sessions":166},{"date":"2014-12-14T00:00:00.000Z","gnomad_sessions":0.0,"exac_sessions":282},{"date":"2014-12-15T00:00:00.000Z","gnomad_sessions":0.0,"exac_sessions":1054},{"date":"2014-12-16T00:00:00.000Z","gnomad_sessions":0.0,"exac_sessions":1054},{"date":"2014-12-17T00:00:00.000Z","gnomad_sessions":0.0,"exac_sessions":1118},{"date":"2014-12-18T00:00:00.000Z","gnomad_sessions":0.0,"exac_sessions":1084},{"date":"2014-12-19T00:00:00.000Z","gnomad_sessions":0.0,"exac_sessions":870},{"date":"2014-12-20T00:00:00.000Z","gnomad_sessions":0.0,"exac_sessions":166},{"date":"2014-12-21T00:00:00.000Z","gnomad_sessions":0.0,"exac_sessions":226},{"date":"2014-12-22T00:00:00.000Z","gnomad_sessions":0.0,"exac_sessions":815},{"date":"2014-12-23T00:00:00.000Z","gnomad_sessions":0.0,"exac_sessions":695},{"date":"2014-12-24T00:00:00.000Z","gnomad_sessions":0.0,"exac_sessions":341},{"date":"2014-12-25T00:00:00.000Z","gnomad_sessions":0.0,"exac_sessions":132},{"date":"2014-12-26T00:00:00.000Z","gnomad_sessions":0.0,"exac_sessions":290},{"date":"2014-12-27T00:00:00.000Z","gnomad_sessions":0.0,"exac_sessions":124},{"date":"2014-12-28T00:00:00.000Z","gnomad_sessions":0.0,"exac_sessions":158},{"date":"2014-12-29T00:00:00.000Z","gnomad_sessions":0.0,"exac_sessions":593},{"date":"2014-12-30T00:00:00.000Z","gnomad_sessions":0.0,"exac_sessions":640},{"date":"2014-12-31T00:00:00.000Z","gnomad_sessions":0.0,"exac_sessions":375},{"date":"2015-01-01T00:00:00.000Z","gnomad_sessions":0.0,"exac_sessions":107},{"date":"2015-01-02T00:00:00.000Z","gnomad_sessions":0.0,"exac_sessions":474},{"date":"2015-01-03T00:00:00.000Z","gnomad_sessions":0.0,"exac_sessions":119},{"date":"2015-01-04T00:00:00.000Z","gnomad_sessions":0.0,"exac_sessions":196},{"date":"2015-01-05T00:00:00.000Z","gnomad_sessions":0.0,"exac_sessions":939},{"date":"2015-01-06T00:00:00.000Z","gnomad_sessions":0.0,"exac_sessions":964},{"date":"2015-01-07T00:00:00.000Z","gnomad_sessions":0.0,"exac_sessions":1126},{"date":"2015-01-08T00:00:00.000Z","gnomad_sessions":0.0,"exac_sessions":1207},{"date":"2015-01-09T00:00:00.000Z","gnomad_sessions":0.0,"exac_sessions":1007},{"date":"2015-01-10T00:00:00.000Z","gnomad_sessions":0.0,"exac_sessions":179},{"date":"2015-01-11T00:00:00.000Z","gnomad_sessions":0.0,"exac_sessions":226},{"date":"2015-01-12T00:00:00.000Z","gnomad_sessions":0.0,"exac_sessions":1199},{"date":"2015-01-13T00:00:00.000Z","gnomad_sessions":0.0,"exac_sessions":1297},{"date":"2015-01-14T00:00:00.000Z","gnomad_sessions":0.0,"exac_sessions":1293},{"date":"2015-01-15T00:00:00.000Z","gnomad_sessions":0.0,"exac_sessions":1143},{"date":"2015-01-16T00:00:00.000Z","gnomad_sessions":0.0,"exac_sessions":1084},{"date":"2015-01-17T00:00:00.000Z","gnomad_sessions":0.0,"exac_sessions":213},{"date":"2015-01-18T00:00:00.000Z","gnomad_sessions":0.0,"exac_sessions":260},{"date":"2015-01-19T00:00:00.000Z","gnomad_sessions":0.0,"exac_sessions":1011},{"date":"2015-01-20T00:00:00.000Z","gnomad_sessions":0.0,"exac_sessions":1314},{"date":"2015-01-21T00:00:00.000Z","gnomad_sessions":0.0,"exac_sessions":1391},{"date":"2015-01-22T00:00:00.000Z","gnomad_sessions":0.0,"exac_sessions":1284},{"date":"2015-01-23T00:00:00.000Z","gnomad_sessions":0.0,"exac_sessions":1088},{"date":"2015-01-24T00:00:00.000Z","gnomad_sessions":0.0,"exac_sessions":230},{"date":"2015-01-25T00:00:00.000Z","gnomad_sessions":0.0,"exac_sessions":247},{"date":"2015-01-26T00:00:00.000Z","gnomad_sessions":0.0,"exac_sessions":1254},{"date":"2015-01-27T00:00:00.000Z","gnomad_sessions":0.0,"exac_sessions":1276},{"date":"2015-01-28T00:00:00.000Z","gnomad_sessions":0.0,"exac_sessions":1348},{"date":"2015-01-29T00:00:00.000Z","gnomad_sessions":0.0,"exac_sessions":1305},{"date":"2015-01-30T00:00:00.000Z","gnomad_sessions":0.0,"exac_sessions":1058},{"date":"2015-01-31T00:00:00.000Z","gnomad_sessions":0.0,"exac_sessions":282},{"date":"2015-02-01T00:00:00.000Z","gnomad_sessions":0.0,"exac_sessions":252},{"date":"2015-02-02T00:00:00.000Z","gnomad_sessions":0.0,"exac_sessions":1250},{"date":"2015-02-03T00:00:00.000Z","gnomad_sessions":0.0,"exac_sessions":1408},{"date":"2015-02-04T00:00:00.000Z","gnomad_sessions":0.0,"exac_sessions":1340},{"date":"2015-02-05T00:00:00.000Z","gnomad_sessions":0.0,"exac_sessions":1310},{"date":"2015-02-06T00:00:00.000Z","gnomad_sessions":0.0,"exac_sessions":1169},{"date":"2015-02-07T00:00:00.000Z","gnomad_sessions":0.0,"exac_sessions":235},{"date":"2015-02-08T00:00:00.000Z","gnomad_sessions":0.0,"exac_sessions":337},{"date":"2015-02-09T00:00:00.000Z","gnomad_sessions":0.0,"exac_sessions":1378},{"date":"2015-02-10T00:00:00.000Z","gnomad_sessions":0.0,"exac_sessions":1480},{"date":"2015-02-11T00:00:00.000Z","gnomad_sessions":0.0,"exac_sessions":1647},{"date":"2015-02-12T00:00:00.000Z","gnomad_sessions":0.0,"exac_sessions":1451},{"date":"2015-02-13T00:00:00.000Z","gnomad_sessions":0.0,"exac_sessions":1335},{"date":"2015-02-14T00:00:00.000Z","gnomad_sessions":0.0,"exac_sessions":235},{"date":"2015-02-15T00:00:00.000Z","gnomad_sessions":0.0,"exac_sessions":384},{"date":"2015-02-16T00:00:00.000Z","gnomad_sessions":0.0,"exac_sessions":1263},{"date":"2015-02-17T00:00:00.000Z","gnomad_sessions":0.0,"exac_sessions":1408},{"date":"2015-02-18T00:00:00.000Z","gnomad_sessions":0.0,"exac_sessions":1579},{"date":"2015-02-19T00:00:00.000Z","gnomad_sessions":0.0,"exac_sessions":1566},{"date":"2015-02-20T00:00:00.000Z","gnomad_sessions":0.0,"exac_sessions":1344},{"date":"2015-02-21T00:00:00.000Z","gnomad_sessions":0.0,"exac_sessions":388},{"date":"2015-02-22T00:00:00.000Z","gnomad_sessions":0.0,"exac_sessions":418},{"date":"2015-02-23T00:00:00.000Z","gnomad_sessions":0.0,"exac_sessions":1792},{"date":"2015-02-24T00:00:00.000Z","gnomad_sessions":0.0,"exac_sessions":1732},{"date":"2015-02-25T00:00:00.000Z","gnomad_sessions":0.0,"exac_sessions":1651},{"date":"2015-02-26T00:00:00.000Z","gnomad_sessions":0.0,"exac_sessions":1762},{"date":"2015-02-27T00:00:00.000Z","gnomad_sessions":0.0,"exac_sessions":1391},{"date":"2015-02-28T00:00:00.000Z","gnomad_sessions":0.0,"exac_sessions":277},{"date":"2015-03-01T00:00:00.000Z","gnomad_sessions":0.0,"exac_sessions":397},{"date":"2015-03-02T00:00:00.000Z","gnomad_sessions":0.0,"exac_sessions":1724},{"date":"2015-03-03T00:00:00.000Z","gnomad_sessions":0.0,"exac_sessions":1685},{"date":"2015-03-04T00:00:00.000Z","gnomad_sessions":0.0,"exac_sessions":1860},{"date":"2015-03-05T00:00:00.000Z","gnomad_sessions":0.0,"exac_sessions":1617},{"date":"2015-03-06T00:00:00.000Z","gnomad_sessions":0.0,"exac_sessions":1344},{"date":"2015-03-07T00:00:00.000Z","gnomad_sessions":0.0,"exac_sessions":282},{"date":"2015-03-08T00:00:00.000Z","gnomad_sessions":0.0,"exac_sessions":333},{"date":"2015-03-09T00:00:00.000Z","gnomad_sessions":0.0,"exac_sessions":1711},{"date":"2015-03-10T00:00:00.000Z","gnomad_sessions":0.0,"exac_sessions":1724},{"date":"2015-03-11T00:00:00.000Z","gnomad_sessions":0.0,"exac_sessions":1643},{"date":"2015-03-12T00:00:00.000Z","gnomad_sessions":0.0,"exac_sessions":1664},{"date":"2015-03-13T00:00:00.000Z","gnomad_sessions":0.0,"exac_sessions":1523},{"date":"2015-03-14T00:00:00.000Z","gnomad_sessions":0.0,"exac_sessions":273},{"date":"2015-03-15T00:00:00.000Z","gnomad_sessions":0.0,"exac_sessions":384},{"date":"2015-03-16T00:00:00.000Z","gnomad_sessions":0.0,"exac_sessions":1771},{"date":"2015-03-17T00:00:00.000Z","gnomad_sessions":0.0,"exac_sessions":1800},{"date":"2015-03-18T00:00:00.000Z","gnomad_sessions":0.0,"exac_sessions":1843},{"date":"2015-03-19T00:00:00.000Z","gnomad_sessions":0.0,"exac_sessions":1933},{"date":"2015-03-20T00:00:00.000Z","gnomad_sessions":0.0,"exac_sessions":1579},{"date":"2015-03-21T00:00:00.000Z","gnomad_sessions":0.0,"exac_sessions":273},{"date":"2015-03-22T00:00:00.000Z","gnomad_sessions":0.0,"exac_sessions":414},{"date":"2015-03-23T00:00:00.000Z","gnomad_sessions":0.0,"exac_sessions":1907},{"date":"2015-03-24T00:00:00.000Z","gnomad_sessions":0.0,"exac_sessions":1843},{"date":"2015-03-25T00:00:00.000Z","gnomad_sessions":0.0,"exac_sessions":1864},{"date":"2015-03-26T00:00:00.000Z","gnomad_sessions":0.0,"exac_sessions":1924},{"date":"2015-03-27T00:00:00.000Z","gnomad_sessions":0.0,"exac_sessions":1510},{"date":"2015-03-28T00:00:00.000Z","gnomad_sessions":0.0,"exac_sessions":333},{"date":"2015-03-29T00:00:00.000Z","gnomad_sessions":0.0,"exac_sessions":478},{"date":"2015-03-30T00:00:00.000Z","gnomad_sessions":0.0,"exac_sessions":1962},{"date":"2015-03-31T00:00:00.000Z","gnomad_sessions":0.0,"exac_sessions":1903},{"date":"2015-04-01T00:00:00.000Z","gnomad_sessions":0.0,"exac_sessions":1992},{"date":"2015-04-02T00:00:00.000Z","gnomad_sessions":0.0,"exac_sessions":1736},{"date":"2015-04-03T00:00:00.000Z","gnomad_sessions":0.0,"exac_sessions":1126},{"date":"2015-04-04T00:00:00.000Z","gnomad_sessions":0.0,"exac_sessions":282},{"date":"2015-04-05T00:00:00.000Z","gnomad_sessions":0.0,"exac_sessions":320},{"date":"2015-04-06T00:00:00.000Z","gnomad_sessions":0.0,"exac_sessions":1293},{"date":"2015-04-07T00:00:00.000Z","gnomad_sessions":0.0,"exac_sessions":2014},{"date":"2015-04-08T00:00:00.000Z","gnomad_sessions":0.0,"exac_sessions":1920},{"date":"2015-04-09T00:00:00.000Z","gnomad_sessions":0.0,"exac_sessions":1928},{"date":"2015-04-10T00:00:00.000Z","gnomad_sessions":0.0,"exac_sessions":1702},{"date":"2015-04-11T00:00:00.000Z","gnomad_sessions":0.0,"exac_sessions":341},{"date":"2015-04-12T00:00:00.000Z","gnomad_sessions":0.0,"exac_sessions":474},{"date":"2015-04-13T00:00:00.000Z","gnomad_sessions":0.0,"exac_sessions":2018},{"date":"2015-04-14T00:00:00.000Z","gnomad_sessions":0.0,"exac_sessions":2048},{"date":"2015-04-15T00:00:00.000Z","gnomad_sessions":0.0,"exac_sessions":2082},{"date":"2015-04-16T00:00:00.000Z","gnomad_sessions":0.0,"exac_sessions":2065},{"date":"2015-04-17T00:00:00.000Z","gnomad_sessions":0.0,"exac_sessions":1677},{"date":"2015-04-18T00:00:00.000Z","gnomad_sessions":0.0,"exac_sessions":358},{"date":"2015-04-19T00:00:00.000Z","gnomad_sessions":0.0,"exac_sessions":439},{"date":"2015-04-20T00:00:00.000Z","gnomad_sessions":0.0,"exac_sessions":1997},{"date":"2015-04-21T00:00:00.000Z","gnomad_sessions":0.0,"exac_sessions":1967},{"date":"2015-04-22T00:00:00.000Z","gnomad_sessions":0.0,"exac_sessions":2035},{"date":"2015-04-23T00:00:00.000Z","gnomad_sessions":0.0,"exac_sessions":1958},{"date":"2015-04-24T00:00:00.000Z","gnomad_sessions":0.0,"exac_sessions":1954},{"date":"2015-04-25T00:00:00.000Z","gnomad_sessions":0.0,"exac_sessions":452},{"date":"2015-04-26T00:00:00.000Z","gnomad_sessions":0.0,"exac_sessions":461},{"date":"2015-04-27T00:00:00.000Z","gnomad_sessions":0.0,"exac_sessions":2108},{"date":"2015-04-28T00:00:00.000Z","gnomad_sessions":0.0,"exac_sessions":2214},{"date":"2015-04-29T00:00:00.000Z","gnomad_sessions":0.0,"exac_sessions":2044},{"date":"2015-04-30T00:00:00.000Z","gnomad_sessions":0.0,"exac_sessions":2005},{"date":"2015-05-01T00:00:00.000Z","gnomad_sessions":0.0,"exac_sessions":1314},{"date":"2015-05-02T00:00:00.000Z","gnomad_sessions":0.0,"exac_sessions":324},{"date":"2015-05-03T00:00:00.000Z","gnomad_sessions":0.0,"exac_sessions":482},{"date":"2015-05-04T00:00:00.000Z","gnomad_sessions":0.0,"exac_sessions":1971},{"date":"2015-05-05T00:00:00.000Z","gnomad_sessions":0.0,"exac_sessions":2206},{"date":"2015-05-06T00:00:00.000Z","gnomad_sessions":0.0,"exac_sessions":2150},{"date":"2015-05-07T00:00:00.000Z","gnomad_sessions":0.0,"exac_sessions":2052},{"date":"2015-05-08T00:00:00.000Z","gnomad_sessions":0.0,"exac_sessions":1830},{"date":"2015-05-09T00:00:00.000Z","gnomad_sessions":0.0,"exac_sessions":363},{"date":"2015-05-10T00:00:00.000Z","gnomad_sessions":0.0,"exac_sessions":456},{"date":"2015-05-11T00:00:00.000Z","gnomad_sessions":0.0,"exac_sessions":2227},{"date":"2015-05-12T00:00:00.000Z","gnomad_sessions":0.0,"exac_sessions":2312},{"date":"2015-05-13T00:00:00.000Z","gnomad_sessions":0.0,"exac_sessions":2317},{"date":"2015-05-14T00:00:00.000Z","gnomad_sessions":0.0,"exac_sessions":1834},{"date":"2015-05-15T00:00:00.000Z","gnomad_sessions":0.0,"exac_sessions":1702},{"date":"2015-05-16T00:00:00.000Z","gnomad_sessions":0.0,"exac_sessions":303},{"date":"2015-05-17T00:00:00.000Z","gnomad_sessions":0.0,"exac_sessions":499},{"date":"2015-05-18T00:00:00.000Z","gnomad_sessions":0.0,"exac_sessions":2278},{"date":"2015-05-19T00:00:00.000Z","gnomad_sessions":0.0,"exac_sessions":2329},{"date":"2015-05-20T00:00:00.000Z","gnomad_sessions":0.0,"exac_sessions":2112},{"date":"2015-05-21T00:00:00.000Z","gnomad_sessions":0.0,"exac_sessions":2159},{"date":"2015-05-22T00:00:00.000Z","gnomad_sessions":0.0,"exac_sessions":1950},{"date":"2015-05-23T00:00:00.000Z","gnomad_sessions":0.0,"exac_sessions":341},{"date":"2015-05-24T00:00:00.000Z","gnomad_sessions":0.0,"exac_sessions":380},{"date":"2015-05-25T00:00:00.000Z","gnomad_sessions":0.0,"exac_sessions":1015},{"date":"2015-05-26T00:00:00.000Z","gnomad_sessions":0.0,"exac_sessions":2308},{"date":"2015-05-27T00:00:00.000Z","gnomad_sessions":0.0,"exac_sessions":2368},{"date":"2015-05-28T00:00:00.000Z","gnomad_sessions":0.0,"exac_sessions":2308},{"date":"2015-05-29T00:00:00.000Z","gnomad_sessions":0.0,"exac_sessions":1937},{"date":"2015-05-30T00:00:00.000Z","gnomad_sessions":0.0,"exac_sessions":397},{"date":"2015-05-31T00:00:00.000Z","gnomad_sessions":0.0,"exac_sessions":538},{"date":"2015-06-01T00:00:00.000Z","gnomad_sessions":0.0,"exac_sessions":2261},{"date":"2015-06-02T00:00:00.000Z","gnomad_sessions":0.0,"exac_sessions":2509},{"date":"2015-06-03T00:00:00.000Z","gnomad_sessions":0.0,"exac_sessions":2270},{"date":"2015-06-04T00:00:00.000Z","gnomad_sessions":0.0,"exac_sessions":2082},{"date":"2015-06-05T00:00:00.000Z","gnomad_sessions":0.0,"exac_sessions":1864},{"date":"2015-06-06T00:00:00.000Z","gnomad_sessions":0.0,"exac_sessions":371},{"date":"2015-06-07T00:00:00.000Z","gnomad_sessions":0.0,"exac_sessions":563},{"date":"2015-06-08T00:00:00.000Z","gnomad_sessions":0.0,"exac_sessions":2231},{"date":"2015-06-09T00:00:00.000Z","gnomad_sessions":0.0,"exac_sessions":2257},{"date":"2015-06-10T00:00:00.000Z","gnomad_sessions":0.0,"exac_sessions":2240},{"date":"2015-06-11T00:00:00.000Z","gnomad_sessions":0.0,"exac_sessions":2398},{"date":"2015-06-12T00:00:00.000Z","gnomad_sessions":0.0,"exac_sessions":2014},{"date":"2015-06-13T00:00:00.000Z","gnomad_sessions":0.0,"exac_sessions":341},{"date":"2015-06-14T00:00:00.000Z","gnomad_sessions":0.0,"exac_sessions":431},{"date":"2015-06-15T00:00:00.000Z","gnomad_sessions":0.0,"exac_sessions":2436},{"date":"2015-06-16T00:00:00.000Z","gnomad_sessions":0.0,"exac_sessions":2432},{"date":"2015-06-17T00:00:00.000Z","gnomad_sessions":0.0,"exac_sessions":2325},{"date":"2015-06-18T00:00:00.000Z","gnomad_sessions":0.0,"exac_sessions":2304},{"date":"2015-06-19T00:00:00.000Z","gnomad_sessions":0.0,"exac_sessions":1928},{"date":"2015-06-20T00:00:00.000Z","gnomad_sessions":0.0,"exac_sessions":307},{"date":"2015-06-21T00:00:00.000Z","gnomad_sessions":0.0,"exac_sessions":452},{"date":"2015-06-22T00:00:00.000Z","gnomad_sessions":0.0,"exac_sessions":2410},{"date":"2015-06-23T00:00:00.000Z","gnomad_sessions":0.0,"exac_sessions":2500},{"date":"2015-06-24T00:00:00.000Z","gnomad_sessions":0.0,"exac_sessions":2436},{"date":"2015-06-25T00:00:00.000Z","gnomad_sessions":0.0,"exac_sessions":2410},{"date":"2015-06-26T00:00:00.000Z","gnomad_sessions":0.0,"exac_sessions":2078},{"date":"2015-06-27T00:00:00.000Z","gnomad_sessions":0.0,"exac_sessions":358},{"date":"2015-06-28T00:00:00.000Z","gnomad_sessions":0.0,"exac_sessions":469},{"date":"2015-06-29T00:00:00.000Z","gnomad_sessions":0.0,"exac_sessions":2346},{"date":"2015-06-30T00:00:00.000Z","gnomad_sessions":0.0,"exac_sessions":2346},{"date":"2015-07-01T00:00:00.000Z","gnomad_sessions":0.0,"exac_sessions":2325},{"date":"2015-07-02T00:00:00.000Z","gnomad_sessions":0.0,"exac_sessions":2240},{"date":"2015-07-03T00:00:00.000Z","gnomad_sessions":0.0,"exac_sessions":1340},{"date":"2015-07-04T00:00:00.000Z","gnomad_sessions":0.0,"exac_sessions":367},{"date":"2015-07-05T00:00:00.000Z","gnomad_sessions":0.0,"exac_sessions":555},{"date":"2015-07-06T00:00:00.000Z","gnomad_sessions":0.0,"exac_sessions":2376},{"date":"2015-07-07T00:00:00.000Z","gnomad_sessions":0.0,"exac_sessions":2445},{"date":"2015-07-08T00:00:00.000Z","gnomad_sessions":0.0,"exac_sessions":2423},{"date":"2015-07-09T00:00:00.000Z","gnomad_sessions":0.0,"exac_sessions":2368},{"date":"2015-07-10T00:00:00.000Z","gnomad_sessions":0.0,"exac_sessions":2095},{"date":"2015-07-11T00:00:00.000Z","gnomad_sessions":0.0,"exac_sessions":299},{"date":"2015-07-12T00:00:00.000Z","gnomad_sessions":0.0,"exac_sessions":448},{"date":"2015-07-13T00:00:00.000Z","gnomad_sessions":0.0,"exac_sessions":2351},{"date":"2015-07-14T00:00:00.000Z","gnomad_sessions":0.0,"exac_sessions":2312},{"date":"2015-07-15T00:00:00.000Z","gnomad_sessions":0.0,"exac_sessions":2381},{"date":"2015-07-16T00:00:00.000Z","gnomad_sessions":0.0,"exac_sessions":2329},{"date":"2015-07-17T00:00:00.000Z","gnomad_sessions":0.0,"exac_sessions":2026},{"date":"2015-07-18T00:00:00.000Z","gnomad_sessions":0.0,"exac_sessions":358},{"date":"2015-07-19T00:00:00.000Z","gnomad_sessions":0.0,"exac_sessions":452},{"date":"2015-07-20T00:00:00.000Z","gnomad_sessions":0.0,"exac_sessions":2504},{"date":"2015-07-21T00:00:00.000Z","gnomad_sessions":0.0,"exac_sessions":2445},{"date":"2015-07-22T00:00:00.000Z","gnomad_sessions":0.0,"exac_sessions":2415},{"date":"2015-07-23T00:00:00.000Z","gnomad_sessions":0.0,"exac_sessions":2346},{"date":"2015-07-24T00:00:00.000Z","gnomad_sessions":0.0,"exac_sessions":2086},{"date":"2015-07-25T00:00:00.000Z","gnomad_sessions":0.0,"exac_sessions":410},{"date":"2015-07-26T00:00:00.000Z","gnomad_sessions":0.0,"exac_sessions":448},{"date":"2015-07-27T00:00:00.000Z","gnomad_sessions":0.0,"exac_sessions":2483},{"date":"2015-07-28T00:00:00.000Z","gnomad_sessions":0.0,"exac_sessions":2453},{"date":"2015-07-29T00:00:00.000Z","gnomad_sessions":0.0,"exac_sessions":2602},{"date":"2015-07-30T00:00:00.000Z","gnomad_sessions":0.0,"exac_sessions":2291},{"date":"2015-07-31T00:00:00.000Z","gnomad_sessions":0.0,"exac_sessions":2005},{"date":"2015-08-01T00:00:00.000Z","gnomad_sessions":0.0,"exac_sessions":422},{"date":"2015-08-02T00:00:00.000Z","gnomad_sessions":0.0,"exac_sessions":439},{"date":"2015-08-03T00:00:00.000Z","gnomad_sessions":0.0,"exac_sessions":2218},{"date":"2015-08-04T00:00:00.000Z","gnomad_sessions":0.0,"exac_sessions":2364},{"date":"2015-08-05T00:00:00.000Z","gnomad_sessions":0.0,"exac_sessions":2321},{"date":"2015-08-06T00:00:00.000Z","gnomad_sessions":0.0,"exac_sessions":2201},{"date":"2015-08-07T00:00:00.000Z","gnomad_sessions":0.0,"exac_sessions":1962},{"date":"2015-08-08T00:00:00.000Z","gnomad_sessions":0.0,"exac_sessions":273},{"date":"2015-08-09T00:00:00.000Z","gnomad_sessions":0.0,"exac_sessions":512},{"date":"2015-08-10T00:00:00.000Z","gnomad_sessions":0.0,"exac_sessions":2415},{"date":"2015-08-11T00:00:00.000Z","gnomad_sessions":0.0,"exac_sessions":2415},{"date":"2015-08-12T00:00:00.000Z","gnomad_sessions":0.0,"exac_sessions":2329},{"date":"2015-08-13T00:00:00.000Z","gnomad_sessions":0.0,"exac_sessions":2189},{"date":"2015-08-14T00:00:00.000Z","gnomad_sessions":0.0,"exac_sessions":1881},{"date":"2015-08-15T00:00:00.000Z","gnomad_sessions":0.0,"exac_sessions":303},{"date":"2015-08-16T00:00:00.000Z","gnomad_sessions":0.0,"exac_sessions":405},{"date":"2015-08-17T00:00:00.000Z","gnomad_sessions":0.0,"exac_sessions":2278},{"date":"2015-08-18T00:00:00.000Z","gnomad_sessions":0.0,"exac_sessions":2291},{"date":"2015-08-19T00:00:00.000Z","gnomad_sessions":0.0,"exac_sessions":2423},{"date":"2015-08-20T00:00:00.000Z","gnomad_sessions":0.0,"exac_sessions":2385},{"date":"2015-08-21T00:00:00.000Z","gnomad_sessions":0.0,"exac_sessions":1916},{"date":"2015-08-22T00:00:00.000Z","gnomad_sessions":0.0,"exac_sessions":277},{"date":"2015-08-23T00:00:00.000Z","gnomad_sessions":0.0,"exac_sessions":452},{"date":"2015-08-24T00:00:00.000Z","gnomad_sessions":0.0,"exac_sessions":2436},{"date":"2015-08-25T00:00:00.000Z","gnomad_sessions":0.0,"exac_sessions":2398},{"date":"2015-08-26T00:00:00.000Z","gnomad_sessions":0.0,"exac_sessions":2406},{"date":"2015-08-27T00:00:00.000Z","gnomad_sessions":0.0,"exac_sessions":2385},{"date":"2015-08-28T00:00:00.000Z","gnomad_sessions":0.0,"exac_sessions":2018},{"date":"2015-08-29T00:00:00.000Z","gnomad_sessions":0.0,"exac_sessions":350},{"date":"2015-08-30T00:00:00.000Z","gnomad_sessions":0.0,"exac_sessions":495},{"date":"2015-08-31T00:00:00.000Z","gnomad_sessions":0.0,"exac_sessions":2428},{"date":"2015-09-01T00:00:00.000Z","gnomad_sessions":0.0,"exac_sessions":2445},{"date":"2015-09-02T00:00:00.000Z","gnomad_sessions":0.0,"exac_sessions":2372},{"date":"2015-09-03T00:00:00.000Z","gnomad_sessions":0.0,"exac_sessions":2291},{"date":"2015-09-04T00:00:00.000Z","gnomad_sessions":0.0,"exac_sessions":2227},{"date":"2015-09-05T00:00:00.000Z","gnomad_sessions":0.0,"exac_sessions":371},{"date":"2015-09-06T00:00:00.000Z","gnomad_sessions":0.0,"exac_sessions":405},{"date":"2015-09-07T00:00:00.000Z","gnomad_sessions":0.0,"exac_sessions":1647},{"date":"2015-09-08T00:00:00.000Z","gnomad_sessions":0.0,"exac_sessions":2705},{"date":"2015-09-09T00:00:00.000Z","gnomad_sessions":0.0,"exac_sessions":2607},{"date":"2015-09-10T00:00:00.000Z","gnomad_sessions":0.0,"exac_sessions":2492},{"date":"2015-09-11T00:00:00.000Z","gnomad_sessions":0.0,"exac_sessions":2240},{"date":"2015-09-12T00:00:00.000Z","gnomad_sessions":0.0,"exac_sessions":367},{"date":"2015-09-13T00:00:00.000Z","gnomad_sessions":0.0,"exac_sessions":469},{"date":"2015-09-14T00:00:00.000Z","gnomad_sessions":0.0,"exac_sessions":2564},{"date":"2015-09-15T00:00:00.000Z","gnomad_sessions":0.0,"exac_sessions":2560},{"date":"2015-09-16T00:00:00.000Z","gnomad_sessions":0.0,"exac_sessions":2577},{"date":"2015-09-17T00:00:00.000Z","gnomad_sessions":0.0,"exac_sessions":2538},{"date":"2015-09-18T00:00:00.000Z","gnomad_sessions":0.0,"exac_sessions":2103},{"date":"2015-09-19T00:00:00.000Z","gnomad_sessions":0.0,"exac_sessions":371},{"date":"2015-09-20T00:00:00.000Z","gnomad_sessions":0.0,"exac_sessions":499},{"date":"2015-09-21T00:00:00.000Z","gnomad_sessions":0.0,"exac_sessions":2709},{"date":"2015-09-22T00:00:00.000Z","gnomad_sessions":0.0,"exac_sessions":2602},{"date":"2015-09-23T00:00:00.000Z","gnomad_sessions":0.0,"exac_sessions":2538},{"date":"2015-09-24T00:00:00.000Z","gnomad_sessions":0.0,"exac_sessions":2295},{"date":"2015-09-25T00:00:00.000Z","gnomad_sessions":0.0,"exac_sessions":2154},{"date":"2015-09-26T00:00:00.000Z","gnomad_sessions":0.0,"exac_sessions":341},{"date":"2015-09-27T00:00:00.000Z","gnomad_sessions":0.0,"exac_sessions":499},{"date":"2015-09-28T00:00:00.000Z","gnomad_sessions":0.0,"exac_sessions":2641},{"date":"2015-09-29T00:00:00.000Z","gnomad_sessions":0.0,"exac_sessions":2551},{"date":"2015-09-30T00:00:00.000Z","gnomad_sessions":0.0,"exac_sessions":2483},{"date":"2015-10-01T00:00:00.000Z","gnomad_sessions":0.0,"exac_sessions":2402},{"date":"2015-10-02T00:00:00.000Z","gnomad_sessions":0.0,"exac_sessions":2069},{"date":"2015-10-03T00:00:00.000Z","gnomad_sessions":0.0,"exac_sessions":341},{"date":"2015-10-04T00:00:00.000Z","gnomad_sessions":0.0,"exac_sessions":346},{"date":"2015-10-05T00:00:00.000Z","gnomad_sessions":0.0,"exac_sessions":1847},{"date":"2015-10-06T00:00:00.000Z","gnomad_sessions":0.0,"exac_sessions":2517},{"date":"2015-10-07T00:00:00.000Z","gnomad_sessions":0.0,"exac_sessions":2496},{"date":"2015-10-08T00:00:00.000Z","gnomad_sessions":0.0,"exac_sessions":2436},{"date":"2015-10-09T00:00:00.000Z","gnomad_sessions":0.0,"exac_sessions":2167},{"date":"2015-10-10T00:00:00.000Z","gnomad_sessions":0.0,"exac_sessions":516},{"date":"2015-10-11T00:00:00.000Z","gnomad_sessions":0.0,"exac_sessions":512},{"date":"2015-10-12T00:00:00.000Z","gnomad_sessions":0.0,"exac_sessions":2381},{"date":"2015-10-13T00:00:00.000Z","gnomad_sessions":0.0,"exac_sessions":2739},{"date":"2015-10-14T00:00:00.000Z","gnomad_sessions":0.0,"exac_sessions":2701},{"date":"2015-10-15T00:00:00.000Z","gnomad_sessions":0.0,"exac_sessions":2568},{"date":"2015-10-16T00:00:00.000Z","gnomad_sessions":0.0,"exac_sessions":2474},{"date":"2015-10-17T00:00:00.000Z","gnomad_sessions":0.0,"exac_sessions":439},{"date":"2015-10-18T00:00:00.000Z","gnomad_sessions":0.0,"exac_sessions":610},{"date":"2015-10-19T00:00:00.000Z","gnomad_sessions":0.0,"exac_sessions":2777},{"date":"2015-10-20T00:00:00.000Z","gnomad_sessions":0.0,"exac_sessions":2944},{"date":"2015-10-21T00:00:00.000Z","gnomad_sessions":0.0,"exac_sessions":2773},{"date":"2015-10-22T00:00:00.000Z","gnomad_sessions":0.0,"exac_sessions":2590},{"date":"2015-10-23T00:00:00.000Z","gnomad_sessions":0.0,"exac_sessions":2253},{"date":"2015-10-24T00:00:00.000Z","gnomad_sessions":0.0,"exac_sessions":371},{"date":"2015-10-25T00:00:00.000Z","gnomad_sessions":0.0,"exac_sessions":542},{"date":"2015-10-26T00:00:00.000Z","gnomad_sessions":0.0,"exac_sessions":2811},{"date":"2015-10-27T00:00:00.000Z","gnomad_sessions":0.0,"exac_sessions":2880},{"date":"2015-10-28T00:00:00.000Z","gnomad_sessions":0.0,"exac_sessions":2730},{"date":"2015-10-29T00:00:00.000Z","gnomad_sessions":0.0,"exac_sessions":2747},{"date":"2015-10-30T00:00:00.000Z","gnomad_sessions":0.0,"exac_sessions":2300},{"date":"2015-10-31T00:00:00.000Z","gnomad_sessions":0.0,"exac_sessions":422},{"date":"2015-11-01T00:00:00.000Z","gnomad_sessions":0.0,"exac_sessions":619},{"date":"2015-11-02T00:00:00.000Z","gnomad_sessions":0.0,"exac_sessions":2884},{"date":"2015-11-03T00:00:00.000Z","gnomad_sessions":0.0,"exac_sessions":2846},{"date":"2015-11-04T00:00:00.000Z","gnomad_sessions":0.0,"exac_sessions":2875},{"date":"2015-11-05T00:00:00.000Z","gnomad_sessions":0.0,"exac_sessions":2709},{"date":"2015-11-06T00:00:00.000Z","gnomad_sessions":0.0,"exac_sessions":2432},{"date":"2015-11-07T00:00:00.000Z","gnomad_sessions":0.0,"exac_sessions":491},{"date":"2015-11-08T00:00:00.000Z","gnomad_sessions":0.0,"exac_sessions":653},{"date":"2015-11-09T00:00:00.000Z","gnomad_sessions":0.0,"exac_sessions":2944},{"date":"2015-11-10T00:00:00.000Z","gnomad_sessions":0.0,"exac_sessions":2824},{"date":"2015-11-11T00:00:00.000Z","gnomad_sessions":0.0,"exac_sessions":2965},{"date":"2015-11-12T00:00:00.000Z","gnomad_sessions":0.0,"exac_sessions":3016},{"date":"2015-11-13T00:00:00.000Z","gnomad_sessions":0.0,"exac_sessions":2526},{"date":"2015-11-14T00:00:00.000Z","gnomad_sessions":0.0,"exac_sessions":448},{"date":"2015-11-15T00:00:00.000Z","gnomad_sessions":0.0,"exac_sessions":683},{"date":"2015-11-16T00:00:00.000Z","gnomad_sessions":0.0,"exac_sessions":2888},{"date":"2015-11-17T00:00:00.000Z","gnomad_sessions":0.0,"exac_sessions":3038},{"date":"2015-11-18T00:00:00.000Z","gnomad_sessions":0.0,"exac_sessions":3106},{"date":"2015-11-19T00:00:00.000Z","gnomad_sessions":0.0,"exac_sessions":2969},{"date":"2015-11-20T00:00:00.000Z","gnomad_sessions":0.0,"exac_sessions":2675},{"date":"2015-11-21T00:00:00.000Z","gnomad_sessions":0.0,"exac_sessions":576},{"date":"2015-11-22T00:00:00.000Z","gnomad_sessions":0.0,"exac_sessions":772},{"date":"2015-11-23T00:00:00.000Z","gnomad_sessions":0.0,"exac_sessions":3242},{"date":"2015-11-24T00:00:00.000Z","gnomad_sessions":0.0,"exac_sessions":3217},{"date":"2015-11-25T00:00:00.000Z","gnomad_sessions":0.0,"exac_sessions":2773},{"date":"2015-11-26T00:00:00.000Z","gnomad_sessions":0.0,"exac_sessions":1796},{"date":"2015-11-27T00:00:00.000Z","gnomad_sessions":0.0,"exac_sessions":1702},{"date":"2015-11-28T00:00:00.000Z","gnomad_sessions":0.0,"exac_sessions":431},{"date":"2015-11-29T00:00:00.000Z","gnomad_sessions":0.0,"exac_sessions":644},{"date":"2015-11-30T00:00:00.000Z","gnomad_sessions":0.0,"exac_sessions":3131},{"date":"2015-12-01T00:00:00.000Z","gnomad_sessions":0.0,"exac_sessions":3046},{"date":"2015-12-02T00:00:00.000Z","gnomad_sessions":0.0,"exac_sessions":2910},{"date":"2015-12-03T00:00:00.000Z","gnomad_sessions":0.0,"exac_sessions":2811},{"date":"2015-12-04T00:00:00.000Z","gnomad_sessions":0.0,"exac_sessions":2368},{"date":"2015-12-05T00:00:00.000Z","gnomad_sessions":0.0,"exac_sessions":422},{"date":"2015-12-06T00:00:00.000Z","gnomad_sessions":0.0,"exac_sessions":627},{"date":"2015-12-07T00:00:00.000Z","gnomad_sessions":0.0,"exac_sessions":2957},{"date":"2015-12-08T00:00:00.000Z","gnomad_sessions":0.0,"exac_sessions":2875},{"date":"2015-12-09T00:00:00.000Z","gnomad_sessions":0.0,"exac_sessions":3059},{"date":"2015-12-10T00:00:00.000Z","gnomad_sessions":0.0,"exac_sessions":3170},{"date":"2015-12-11T00:00:00.000Z","gnomad_sessions":0.0,"exac_sessions":2581},{"date":"2015-12-12T00:00:00.000Z","gnomad_sessions":0.0,"exac_sessions":529},{"date":"2015-12-13T00:00:00.000Z","gnomad_sessions":0.0,"exac_sessions":695},{"date":"2015-12-14T00:00:00.000Z","gnomad_sessions":0.0,"exac_sessions":3008},{"date":"2015-12-15T00:00:00.000Z","gnomad_sessions":0.0,"exac_sessions":3149},{"date":"2015-12-16T00:00:00.000Z","gnomad_sessions":0.0,"exac_sessions":3114},{"date":"2015-12-17T00:00:00.000Z","gnomad_sessions":0.0,"exac_sessions":2824},{"date":"2015-12-18T00:00:00.000Z","gnomad_sessions":0.0,"exac_sessions":2389},{"date":"2015-12-19T00:00:00.000Z","gnomad_sessions":0.0,"exac_sessions":405},{"date":"2015-12-20T00:00:00.000Z","gnomad_sessions":0.0,"exac_sessions":623},{"date":"2015-12-21T00:00:00.000Z","gnomad_sessions":0.0,"exac_sessions":2671},{"date":"2015-12-22T00:00:00.000Z","gnomad_sessions":0.0,"exac_sessions":2547},{"date":"2015-12-23T00:00:00.000Z","gnomad_sessions":0.0,"exac_sessions":2031},{"date":"2015-12-24T00:00:00.000Z","gnomad_sessions":0.0,"exac_sessions":1071},{"date":"2015-12-25T00:00:00.000Z","gnomad_sessions":0.0,"exac_sessions":320},{"date":"2015-12-26T00:00:00.000Z","gnomad_sessions":0.0,"exac_sessions":346},{"date":"2015-12-27T00:00:00.000Z","gnomad_sessions":0.0,"exac_sessions":431},{"date":"2015-12-28T00:00:00.000Z","gnomad_sessions":0.0,"exac_sessions":1758},{"date":"2015-12-29T00:00:00.000Z","gnomad_sessions":0.0,"exac_sessions":1839},{"date":"2015-12-30T00:00:00.000Z","gnomad_sessions":0.0,"exac_sessions":1741},{"date":"2015-12-31T00:00:00.000Z","gnomad_sessions":0.0,"exac_sessions":1079},{"date":"2016-01-01T00:00:00.000Z","gnomad_sessions":0.0,"exac_sessions":307},{"date":"2016-01-02T00:00:00.000Z","gnomad_sessions":0.0,"exac_sessions":367},{"date":"2016-01-03T00:00:00.000Z","gnomad_sessions":0.0,"exac_sessions":567},{"date":"2016-01-04T00:00:00.000Z","gnomad_sessions":0.0,"exac_sessions":2479},{"date":"2016-01-05T00:00:00.000Z","gnomad_sessions":0.0,"exac_sessions":2816},{"date":"2016-01-06T00:00:00.000Z","gnomad_sessions":0.0,"exac_sessions":2735},{"date":"2016-01-07T00:00:00.000Z","gnomad_sessions":0.0,"exac_sessions":2914},{"date":"2016-01-08T00:00:00.000Z","gnomad_sessions":0.0,"exac_sessions":2555},{"date":"2016-01-09T00:00:00.000Z","gnomad_sessions":0.0,"exac_sessions":401},{"date":"2016-01-10T00:00:00.000Z","gnomad_sessions":0.0,"exac_sessions":670},{"date":"2016-01-11T00:00:00.000Z","gnomad_sessions":0.0,"exac_sessions":2944},{"date":"2016-01-12T00:00:00.000Z","gnomad_sessions":0.0,"exac_sessions":3140},{"date":"2016-01-13T00:00:00.000Z","gnomad_sessions":0.0,"exac_sessions":2991},{"date":"2016-01-14T00:00:00.000Z","gnomad_sessions":0.0,"exac_sessions":3080},{"date":"2016-01-15T00:00:00.000Z","gnomad_sessions":0.0,"exac_sessions":2619},{"date":"2016-01-16T00:00:00.000Z","gnomad_sessions":0.0,"exac_sessions":448},{"date":"2016-01-17T00:00:00.000Z","gnomad_sessions":0.0,"exac_sessions":580},{"date":"2016-01-18T00:00:00.000Z","gnomad_sessions":0.0,"exac_sessions":2760},{"date":"2016-01-19T00:00:00.000Z","gnomad_sessions":0.0,"exac_sessions":3319},{"date":"2016-01-20T00:00:00.000Z","gnomad_sessions":0.0,"exac_sessions":3114},{"date":"2016-01-21T00:00:00.000Z","gnomad_sessions":0.0,"exac_sessions":3097},{"date":"2016-01-22T00:00:00.000Z","gnomad_sessions":0.0,"exac_sessions":2649},{"date":"2016-01-23T00:00:00.000Z","gnomad_sessions":0.0,"exac_sessions":602},{"date":"2016-01-24T00:00:00.000Z","gnomad_sessions":0.0,"exac_sessions":666},{"date":"2016-01-25T00:00:00.000Z","gnomad_sessions":0.0,"exac_sessions":3379},{"date":"2016-01-26T00:00:00.000Z","gnomad_sessions":0.0,"exac_sessions":3345},{"date":"2016-01-27T00:00:00.000Z","gnomad_sessions":0.0,"exac_sessions":3149},{"date":"2016-01-28T00:00:00.000Z","gnomad_sessions":0.0,"exac_sessions":3050},{"date":"2016-01-29T00:00:00.000Z","gnomad_sessions":0.0,"exac_sessions":2607},{"date":"2016-01-30T00:00:00.000Z","gnomad_sessions":0.0,"exac_sessions":529},{"date":"2016-01-31T00:00:00.000Z","gnomad_sessions":0.0,"exac_sessions":683},{"date":"2016-02-01T00:00:00.000Z","gnomad_sessions":0.0,"exac_sessions":3127},{"date":"2016-02-02T00:00:00.000Z","gnomad_sessions":0.0,"exac_sessions":3217},{"date":"2016-02-03T00:00:00.000Z","gnomad_sessions":0.0,"exac_sessions":3234},{"date":"2016-02-04T00:00:00.000Z","gnomad_sessions":0.0,"exac_sessions":3264},{"date":"2016-02-05T00:00:00.000Z","gnomad_sessions":0.0,"exac_sessions":2632},{"date":"2016-02-06T00:00:00.000Z","gnomad_sessions":0.0,"exac_sessions":520},{"date":"2016-02-07T00:00:00.000Z","gnomad_sessions":0.0,"exac_sessions":567},{"date":"2016-02-08T00:00:00.000Z","gnomad_sessions":0.0,"exac_sessions":3123},{"date":"2016-02-09T00:00:00.000Z","gnomad_sessions":0.0,"exac_sessions":2965},{"date":"2016-02-10T00:00:00.000Z","gnomad_sessions":0.0,"exac_sessions":2978},{"date":"2016-02-11T00:00:00.000Z","gnomad_sessions":0.0,"exac_sessions":3149},{"date":"2016-02-12T00:00:00.000Z","gnomad_sessions":0.0,"exac_sessions":2611},{"date":"2016-02-13T00:00:00.000Z","gnomad_sessions":0.0,"exac_sessions":610},{"date":"2016-02-14T00:00:00.000Z","gnomad_sessions":0.0,"exac_sessions":700},{"date":"2016-02-15T00:00:00.000Z","gnomad_sessions":0.0,"exac_sessions":2743},{"date":"2016-02-16T00:00:00.000Z","gnomad_sessions":0.0,"exac_sessions":3268},{"date":"2016-02-17T00:00:00.000Z","gnomad_sessions":0.0,"exac_sessions":3195},{"date":"2016-02-18T00:00:00.000Z","gnomad_sessions":0.0,"exac_sessions":3213},{"date":"2016-02-19T00:00:00.000Z","gnomad_sessions":0.0,"exac_sessions":2871},{"date":"2016-02-20T00:00:00.000Z","gnomad_sessions":0.0,"exac_sessions":593},{"date":"2016-02-21T00:00:00.000Z","gnomad_sessions":0.0,"exac_sessions":704},{"date":"2016-02-22T00:00:00.000Z","gnomad_sessions":0.0,"exac_sessions":3392},{"date":"2016-02-23T00:00:00.000Z","gnomad_sessions":0.0,"exac_sessions":3345},{"date":"2016-02-24T00:00:00.000Z","gnomad_sessions":0.0,"exac_sessions":3464},{"date":"2016-02-25T00:00:00.000Z","gnomad_sessions":0.0,"exac_sessions":3319},{"date":"2016-02-26T00:00:00.000Z","gnomad_sessions":0.0,"exac_sessions":2863},{"date":"2016-02-27T00:00:00.000Z","gnomad_sessions":0.0,"exac_sessions":508},{"date":"2016-02-28T00:00:00.000Z","gnomad_sessions":0.0,"exac_sessions":734},{"date":"2016-02-29T00:00:00.000Z","gnomad_sessions":0.0,"exac_sessions":3251},{"date":"2016-03-01T00:00:00.000Z","gnomad_sessions":0.0,"exac_sessions":3345},{"date":"2016-03-02T00:00:00.000Z","gnomad_sessions":0.0,"exac_sessions":3451},{"date":"2016-03-03T00:00:00.000Z","gnomad_sessions":0.0,"exac_sessions":3157},{"date":"2016-03-04T00:00:00.000Z","gnomad_sessions":0.0,"exac_sessions":2957},{"date":"2016-03-05T00:00:00.000Z","gnomad_sessions":0.0,"exac_sessions":516},{"date":"2016-03-06T00:00:00.000Z","gnomad_sessions":0.0,"exac_sessions":776},{"date":"2016-03-07T00:00:00.000Z","gnomad_sessions":0.0,"exac_sessions":3486},{"date":"2016-03-08T00:00:00.000Z","gnomad_sessions":0.0,"exac_sessions":3358},{"date":"2016-03-09T00:00:00.000Z","gnomad_sessions":0.0,"exac_sessions":3166},{"date":"2016-03-10T00:00:00.000Z","gnomad_sessions":0.0,"exac_sessions":3306},{"date":"2016-03-11T00:00:00.000Z","gnomad_sessions":0.0,"exac_sessions":2820},{"date":"2016-03-12T00:00:00.000Z","gnomad_sessions":0.0,"exac_sessions":516},{"date":"2016-03-13T00:00:00.000Z","gnomad_sessions":0.0,"exac_sessions":734},{"date":"2016-03-14T00:00:00.000Z","gnomad_sessions":0.0,"exac_sessions":3439},{"date":"2016-03-15T00:00:00.000Z","gnomad_sessions":0.0,"exac_sessions":3605},{"date":"2016-03-16T00:00:00.000Z","gnomad_sessions":0.0,"exac_sessions":3251},{"date":"2016-03-17T00:00:00.000Z","gnomad_sessions":0.0,"exac_sessions":3285},{"date":"2016-03-18T00:00:00.000Z","gnomad_sessions":0.0,"exac_sessions":2974},{"date":"2016-03-19T00:00:00.000Z","gnomad_sessions":0.0,"exac_sessions":606},{"date":"2016-03-20T00:00:00.000Z","gnomad_sessions":0.0,"exac_sessions":730},{"date":"2016-03-21T00:00:00.000Z","gnomad_sessions":0.0,"exac_sessions":3494},{"date":"2016-03-22T00:00:00.000Z","gnomad_sessions":0.0,"exac_sessions":3443},{"date":"2016-03-23T00:00:00.000Z","gnomad_sessions":0.0,"exac_sessions":3149},{"date":"2016-03-24T00:00:00.000Z","gnomad_sessions":0.0,"exac_sessions":2991},{"date":"2016-03-25T00:00:00.000Z","gnomad_sessions":0.0,"exac_sessions":1881},{"date":"2016-03-26T00:00:00.000Z","gnomad_sessions":0.0,"exac_sessions":508},{"date":"2016-03-27T00:00:00.000Z","gnomad_sessions":0.0,"exac_sessions":589},{"date":"2016-03-28T00:00:00.000Z","gnomad_sessions":0.0,"exac_sessions":2253},{"date":"2016-03-29T00:00:00.000Z","gnomad_sessions":0.0,"exac_sessions":3336},{"date":"2016-03-30T00:00:00.000Z","gnomad_sessions":0.0,"exac_sessions":3387},{"date":"2016-03-31T00:00:00.000Z","gnomad_sessions":0.0,"exac_sessions":3375},{"date":"2016-04-01T00:00:00.000Z","gnomad_sessions":0.0,"exac_sessions":2850},{"date":"2016-04-02T00:00:00.000Z","gnomad_sessions":0.0,"exac_sessions":516},{"date":"2016-04-03T00:00:00.000Z","gnomad_sessions":0.0,"exac_sessions":640},{"date":"2016-04-04T00:00:00.000Z","gnomad_sessions":0.0,"exac_sessions":3319},{"date":"2016-04-05T00:00:00.000Z","gnomad_sessions":0.0,"exac_sessions":3447},{"date":"2016-04-06T00:00:00.000Z","gnomad_sessions":0.0,"exac_sessions":3362},{"date":"2016-04-07T00:00:00.000Z","gnomad_sessions":0.0,"exac_sessions":3426},{"date":"2016-04-08T00:00:00.000Z","gnomad_sessions":0.0,"exac_sessions":3046},{"date":"2016-04-09T00:00:00.000Z","gnomad_sessions":0.0,"exac_sessions":546},{"date":"2016-04-10T00:00:00.000Z","gnomad_sessions":0.0,"exac_sessions":717},{"date":"2016-04-11T00:00:00.000Z","gnomad_sessions":0.0,"exac_sessions":3443},{"date":"2016-04-12T00:00:00.000Z","gnomad_sessions":0.0,"exac_sessions":3464},{"date":"2016-04-13T00:00:00.000Z","gnomad_sessions":0.0,"exac_sessions":3281},{"date":"2016-04-14T00:00:00.000Z","gnomad_sessions":0.0,"exac_sessions":3362},{"date":"2016-04-15T00:00:00.000Z","gnomad_sessions":0.0,"exac_sessions":2995},{"date":"2016-04-16T00:00:00.000Z","gnomad_sessions":0.0,"exac_sessions":627},{"date":"2016-04-17T00:00:00.000Z","gnomad_sessions":0.0,"exac_sessions":794},{"date":"2016-04-18T00:00:00.000Z","gnomad_sessions":0.0,"exac_sessions":3460},{"date":"2016-04-19T00:00:00.000Z","gnomad_sessions":0.0,"exac_sessions":3511},{"date":"2016-04-20T00:00:00.000Z","gnomad_sessions":0.0,"exac_sessions":3451},{"date":"2016-04-21T00:00:00.000Z","gnomad_sessions":0.0,"exac_sessions":3447},{"date":"2016-04-22T00:00:00.000Z","gnomad_sessions":0.0,"exac_sessions":2927},{"date":"2016-04-23T00:00:00.000Z","gnomad_sessions":0.0,"exac_sessions":576},{"date":"2016-04-24T00:00:00.000Z","gnomad_sessions":0.0,"exac_sessions":755},{"date":"2016-04-25T00:00:00.000Z","gnomad_sessions":0.0,"exac_sessions":3507},{"date":"2016-04-26T00:00:00.000Z","gnomad_sessions":0.0,"exac_sessions":3558},{"date":"2016-04-27T00:00:00.000Z","gnomad_sessions":0.0,"exac_sessions":3490},{"date":"2016-04-28T00:00:00.000Z","gnomad_sessions":0.0,"exac_sessions":3477},{"date":"2016-04-29T00:00:00.000Z","gnomad_sessions":0.0,"exac_sessions":2961},{"date":"2016-04-30T00:00:00.000Z","gnomad_sessions":0.0,"exac_sessions":555},{"date":"2016-05-01T00:00:00.000Z","gnomad_sessions":0.0,"exac_sessions":627},{"date":"2016-05-02T00:00:00.000Z","gnomad_sessions":0.0,"exac_sessions":3170},{"date":"2016-05-03T00:00:00.000Z","gnomad_sessions":0.0,"exac_sessions":3447},{"date":"2016-05-04T00:00:00.000Z","gnomad_sessions":0.0,"exac_sessions":3503},{"date":"2016-05-05T00:00:00.000Z","gnomad_sessions":0.0,"exac_sessions":2829},{"date":"2016-05-06T00:00:00.000Z","gnomad_sessions":0.0,"exac_sessions":2918},{"date":"2016-05-07T00:00:00.000Z","gnomad_sessions":0.0,"exac_sessions":584},{"date":"2016-05-08T00:00:00.000Z","gnomad_sessions":0.0,"exac_sessions":742},{"date":"2016-05-09T00:00:00.000Z","gnomad_sessions":0.0,"exac_sessions":3571},{"date":"2016-05-10T00:00:00.000Z","gnomad_sessions":0.0,"exac_sessions":3942},{"date":"2016-05-11T00:00:00.000Z","gnomad_sessions":0.0,"exac_sessions":3614},{"date":"2016-05-12T00:00:00.000Z","gnomad_sessions":0.0,"exac_sessions":2995},{"date":"2016-05-13T00:00:00.000Z","gnomad_sessions":0.0,"exac_sessions":1886},{"date":"2016-05-14T00:00:00.000Z","gnomad_sessions":0.0,"exac_sessions":653},{"date":"2016-05-15T00:00:00.000Z","gnomad_sessions":0.0,"exac_sessions":870},{"date":"2016-05-16T00:00:00.000Z","gnomad_sessions":0.0,"exac_sessions":3042},{"date":"2016-05-17T00:00:00.000Z","gnomad_sessions":0.0,"exac_sessions":3447},{"date":"2016-05-18T00:00:00.000Z","gnomad_sessions":0.0,"exac_sessions":3447},{"date":"2016-05-19T00:00:00.000Z","gnomad_sessions":0.0,"exac_sessions":3294},{"date":"2016-05-20T00:00:00.000Z","gnomad_sessions":0.0,"exac_sessions":2863},{"date":"2016-05-21T00:00:00.000Z","gnomad_sessions":0.0,"exac_sessions":627},{"date":"2016-05-22T00:00:00.000Z","gnomad_sessions":0.0,"exac_sessions":781},{"date":"2016-05-23T00:00:00.000Z","gnomad_sessions":0.0,"exac_sessions":3434},{"date":"2016-05-24T00:00:00.000Z","gnomad_sessions":0.0,"exac_sessions":3592},{"date":"2016-05-25T00:00:00.000Z","gnomad_sessions":0.0,"exac_sessions":3259},{"date":"2016-05-26T00:00:00.000Z","gnomad_sessions":0.0,"exac_sessions":3012},{"date":"2016-05-27T00:00:00.000Z","gnomad_sessions":0.0,"exac_sessions":2807},{"date":"2016-05-28T00:00:00.000Z","gnomad_sessions":0.0,"exac_sessions":546},{"date":"2016-05-29T00:00:00.000Z","gnomad_sessions":0.0,"exac_sessions":721},{"date":"2016-05-30T00:00:00.000Z","gnomad_sessions":0.0,"exac_sessions":2248},{"date":"2016-05-31T00:00:00.000Z","gnomad_sessions":0.0,"exac_sessions":3558},{"date":"2016-06-01T00:00:00.000Z","gnomad_sessions":0.0,"exac_sessions":3571},{"date":"2016-06-02T00:00:00.000Z","gnomad_sessions":0.0,"exac_sessions":3336},{"date":"2016-06-03T00:00:00.000Z","gnomad_sessions":0.0,"exac_sessions":2957},{"date":"2016-06-04T00:00:00.000Z","gnomad_sessions":0.0,"exac_sessions":520},{"date":"2016-06-05T00:00:00.000Z","gnomad_sessions":0.0,"exac_sessions":725},{"date":"2016-06-06T00:00:00.000Z","gnomad_sessions":0.0,"exac_sessions":3528},{"date":"2016-06-07T00:00:00.000Z","gnomad_sessions":0.0,"exac_sessions":3511},{"date":"2016-06-08T00:00:00.000Z","gnomad_sessions":0.0,"exac_sessions":3579},{"date":"2016-06-09T00:00:00.000Z","gnomad_sessions":0.0,"exac_sessions":3340},{"date":"2016-06-10T00:00:00.000Z","gnomad_sessions":0.0,"exac_sessions":2999},{"date":"2016-06-11T00:00:00.000Z","gnomad_sessions":0.0,"exac_sessions":627},{"date":"2016-06-12T00:00:00.000Z","gnomad_sessions":0.0,"exac_sessions":674},{"date":"2016-06-13T00:00:00.000Z","gnomad_sessions":0.0,"exac_sessions":3507},{"date":"2016-06-14T00:00:00.000Z","gnomad_sessions":0.0,"exac_sessions":3532},{"date":"2016-06-15T00:00:00.000Z","gnomad_sessions":0.0,"exac_sessions":3383},{"date":"2016-06-16T00:00:00.000Z","gnomad_sessions":0.0,"exac_sessions":3315},{"date":"2016-06-17T00:00:00.000Z","gnomad_sessions":0.0,"exac_sessions":2978},{"date":"2016-06-18T00:00:00.000Z","gnomad_sessions":0.0,"exac_sessions":491},{"date":"2016-06-19T00:00:00.000Z","gnomad_sessions":0.0,"exac_sessions":776},{"date":"2016-06-20T00:00:00.000Z","gnomad_sessions":0.0,"exac_sessions":3793},{"date":"2016-06-21T00:00:00.000Z","gnomad_sessions":0.0,"exac_sessions":3724},{"date":"2016-06-22T00:00:00.000Z","gnomad_sessions":0.0,"exac_sessions":3626},{"date":"2016-06-23T00:00:00.000Z","gnomad_sessions":0.0,"exac_sessions":3358},{"date":"2016-06-24T00:00:00.000Z","gnomad_sessions":0.0,"exac_sessions":2611},{"date":"2016-06-25T00:00:00.000Z","gnomad_sessions":0.0,"exac_sessions":538},{"date":"2016-06-26T00:00:00.000Z","gnomad_sessions":0.0,"exac_sessions":725},{"date":"2016-06-27T00:00:00.000Z","gnomad_sessions":0.0,"exac_sessions":3439},{"date":"2016-06-28T00:00:00.000Z","gnomad_sessions":0.0,"exac_sessions":3443},{"date":"2016-06-29T00:00:00.000Z","gnomad_sessions":0.0,"exac_sessions":4403},{"date":"2016-06-30T00:00:00.000Z","gnomad_sessions":0.0,"exac_sessions":3174},{"date":"2016-07-01T00:00:00.000Z","gnomad_sessions":0.0,"exac_sessions":2679},{"date":"2016-07-02T00:00:00.000Z","gnomad_sessions":0.0,"exac_sessions":418},{"date":"2016-07-03T00:00:00.000Z","gnomad_sessions":0.0,"exac_sessions":653},{"date":"2016-07-04T00:00:00.000Z","gnomad_sessions":0.0,"exac_sessions":2078},{"date":"2016-07-05T00:00:00.000Z","gnomad_sessions":0.0,"exac_sessions":3238},{"date":"2016-07-06T00:00:00.000Z","gnomad_sessions":0.0,"exac_sessions":3323},{"date":"2016-07-07T00:00:00.000Z","gnomad_sessions":0.0,"exac_sessions":3157},{"date":"2016-07-08T00:00:00.000Z","gnomad_sessions":0.0,"exac_sessions":2790},{"date":"2016-07-09T00:00:00.000Z","gnomad_sessions":0.0,"exac_sessions":478},{"date":"2016-07-10T00:00:00.000Z","gnomad_sessions":0.0,"exac_sessions":683},{"date":"2016-07-11T00:00:00.000Z","gnomad_sessions":0.0,"exac_sessions":3213},{"date":"2016-07-12T00:00:00.000Z","gnomad_sessions":0.0,"exac_sessions":3340},{"date":"2016-07-13T00:00:00.000Z","gnomad_sessions":0.0,"exac_sessions":3221},{"date":"2016-07-14T00:00:00.000Z","gnomad_sessions":0.0,"exac_sessions":3093},{"date":"2016-07-15T00:00:00.000Z","gnomad_sessions":0.0,"exac_sessions":2713},{"date":"2016-07-16T00:00:00.000Z","gnomad_sessions":0.0,"exac_sessions":478},{"date":"2016-07-17T00:00:00.000Z","gnomad_sessions":0.0,"exac_sessions":648},{"date":"2016-07-18T00:00:00.000Z","gnomad_sessions":0.0,"exac_sessions":3468},{"date":"2016-07-19T00:00:00.000Z","gnomad_sessions":0.0,"exac_sessions":3451},{"date":"2016-07-20T00:00:00.000Z","gnomad_sessions":0.0,"exac_sessions":3370},{"date":"2016-07-21T00:00:00.000Z","gnomad_sessions":0.0,"exac_sessions":3217},{"date":"2016-07-22T00:00:00.000Z","gnomad_sessions":0.0,"exac_sessions":2735},{"date":"2016-07-23T00:00:00.000Z","gnomad_sessions":0.0,"exac_sessions":482},{"date":"2016-07-24T00:00:00.000Z","gnomad_sessions":0.0,"exac_sessions":640},{"date":"2016-07-25T00:00:00.000Z","gnomad_sessions":0.0,"exac_sessions":3366},{"date":"2016-07-26T00:00:00.000Z","gnomad_sessions":0.0,"exac_sessions":3447},{"date":"2016-07-27T00:00:00.000Z","gnomad_sessions":0.0,"exac_sessions":3422},{"date":"2016-07-28T00:00:00.000Z","gnomad_sessions":0.0,"exac_sessions":3264},{"date":"2016-07-29T00:00:00.000Z","gnomad_sessions":0.0,"exac_sessions":2760},{"date":"2016-07-30T00:00:00.000Z","gnomad_sessions":0.0,"exac_sessions":525},{"date":"2016-07-31T00:00:00.000Z","gnomad_sessions":0.0,"exac_sessions":734},{"date":"2016-08-01T00:00:00.000Z","gnomad_sessions":0.0,"exac_sessions":3213},{"date":"2016-08-02T00:00:00.000Z","gnomad_sessions":0.0,"exac_sessions":3379},{"date":"2016-08-03T00:00:00.000Z","gnomad_sessions":0.0,"exac_sessions":3511},{"date":"2016-08-04T00:00:00.000Z","gnomad_sessions":0.0,"exac_sessions":3340},{"date":"2016-08-05T00:00:00.000Z","gnomad_sessions":0.0,"exac_sessions":2833},{"date":"2016-08-06T00:00:00.000Z","gnomad_sessions":0.0,"exac_sessions":469},{"date":"2016-08-07T00:00:00.000Z","gnomad_sessions":0.0,"exac_sessions":687},{"date":"2016-08-08T00:00:00.000Z","gnomad_sessions":0.0,"exac_sessions":3336},{"date":"2016-08-09T00:00:00.000Z","gnomad_sessions":0.0,"exac_sessions":3170},{"date":"2016-08-10T00:00:00.000Z","gnomad_sessions":0.0,"exac_sessions":3298},{"date":"2016-08-11T00:00:00.000Z","gnomad_sessions":0.0,"exac_sessions":3204},{"date":"2016-08-12T00:00:00.000Z","gnomad_sessions":0.0,"exac_sessions":2611},{"date":"2016-08-13T00:00:00.000Z","gnomad_sessions":0.0,"exac_sessions":584},{"date":"2016-08-14T00:00:00.000Z","gnomad_sessions":0.0,"exac_sessions":725},{"date":"2016-08-15T00:00:00.000Z","gnomad_sessions":0.0,"exac_sessions":2914},{"date":"2016-08-16T00:00:00.000Z","gnomad_sessions":0.0,"exac_sessions":3234},{"date":"2016-08-17T00:00:00.000Z","gnomad_sessions":0.0,"exac_sessions":4373},{"date":"2016-08-18T00:00:00.000Z","gnomad_sessions":0.0,"exac_sessions":5085},{"date":"2016-08-19T00:00:00.000Z","gnomad_sessions":0.0,"exac_sessions":3716},{"date":"2016-08-20T00:00:00.000Z","gnomad_sessions":0.0,"exac_sessions":836},{"date":"2016-08-21T00:00:00.000Z","gnomad_sessions":0.0,"exac_sessions":1037},{"date":"2016-08-22T00:00:00.000Z","gnomad_sessions":0.0,"exac_sessions":4369},{"date":"2016-08-23T00:00:00.000Z","gnomad_sessions":0.0,"exac_sessions":4130},{"date":"2016-08-24T00:00:00.000Z","gnomad_sessions":0.0,"exac_sessions":4049},{"date":"2016-08-25T00:00:00.000Z","gnomad_sessions":0.0,"exac_sessions":4023},{"date":"2016-08-26T00:00:00.000Z","gnomad_sessions":0.0,"exac_sessions":3140},{"date":"2016-08-27T00:00:00.000Z","gnomad_sessions":0.0,"exac_sessions":657},{"date":"2016-08-28T00:00:00.000Z","gnomad_sessions":0.0,"exac_sessions":1007},{"date":"2016-08-29T00:00:00.000Z","gnomad_sessions":0.0,"exac_sessions":3712},{"date":"2016-08-30T00:00:00.000Z","gnomad_sessions":0.0,"exac_sessions":3951},{"date":"2016-08-31T00:00:00.000Z","gnomad_sessions":0.0,"exac_sessions":3793},{"date":"2016-09-01T00:00:00.000Z","gnomad_sessions":0.0,"exac_sessions":3622},{"date":"2016-09-02T00:00:00.000Z","gnomad_sessions":0.0,"exac_sessions":2986},{"date":"2016-09-03T00:00:00.000Z","gnomad_sessions":0.0,"exac_sessions":610},{"date":"2016-09-04T00:00:00.000Z","gnomad_sessions":0.0,"exac_sessions":768},{"date":"2016-09-05T00:00:00.000Z","gnomad_sessions":0.0,"exac_sessions":2364},{"date":"2016-09-06T00:00:00.000Z","gnomad_sessions":0.0,"exac_sessions":3831},{"date":"2016-09-07T00:00:00.000Z","gnomad_sessions":0.0,"exac_sessions":3571},{"date":"2016-09-08T00:00:00.000Z","gnomad_sessions":0.0,"exac_sessions":3528},{"date":"2016-09-09T00:00:00.000Z","gnomad_sessions":0.0,"exac_sessions":3149},{"date":"2016-09-10T00:00:00.000Z","gnomad_sessions":0.0,"exac_sessions":644},{"date":"2016-09-11T00:00:00.000Z","gnomad_sessions":0.0,"exac_sessions":811},{"date":"2016-09-12T00:00:00.000Z","gnomad_sessions":0.0,"exac_sessions":3639},{"date":"2016-09-13T00:00:00.000Z","gnomad_sessions":0.0,"exac_sessions":3797},{"date":"2016-09-14T00:00:00.000Z","gnomad_sessions":0.0,"exac_sessions":3592},{"date":"2016-09-15T00:00:00.000Z","gnomad_sessions":0.0,"exac_sessions":3541},{"date":"2016-09-16T00:00:00.000Z","gnomad_sessions":0.0,"exac_sessions":3050},{"date":"2016-09-17T00:00:00.000Z","gnomad_sessions":0.0,"exac_sessions":674},{"date":"2016-09-18T00:00:00.000Z","gnomad_sessions":0.0,"exac_sessions":892},{"date":"2016-09-19T00:00:00.000Z","gnomad_sessions":0.0,"exac_sessions":3771},{"date":"2016-09-20T00:00:00.000Z","gnomad_sessions":0.0,"exac_sessions":3899},{"date":"2016-09-21T00:00:00.000Z","gnomad_sessions":0.0,"exac_sessions":3754},{"date":"2016-09-22T00:00:00.000Z","gnomad_sessions":0.0,"exac_sessions":3686},{"date":"2016-09-23T00:00:00.000Z","gnomad_sessions":0.0,"exac_sessions":3123},{"date":"2016-09-24T00:00:00.000Z","gnomad_sessions":0.0,"exac_sessions":636},{"date":"2016-09-25T00:00:00.000Z","gnomad_sessions":0.0,"exac_sessions":823},{"date":"2016-09-26T00:00:00.000Z","gnomad_sessions":0.0,"exac_sessions":3993},{"date":"2016-09-27T00:00:00.000Z","gnomad_sessions":0.0,"exac_sessions":3750},{"date":"2016-09-28T00:00:00.000Z","gnomad_sessions":0.0,"exac_sessions":3857},{"date":"2016-09-29T00:00:00.000Z","gnomad_sessions":0.0,"exac_sessions":3695},{"date":"2016-09-30T00:00:00.000Z","gnomad_sessions":0.0,"exac_sessions":3276},{"date":"2016-10-01T00:00:00.000Z","gnomad_sessions":0.0,"exac_sessions":589},{"date":"2016-10-02T00:00:00.000Z","gnomad_sessions":0.0,"exac_sessions":823},{"date":"2016-10-03T00:00:00.000Z","gnomad_sessions":0.0,"exac_sessions":3383},{"date":"2016-10-04T00:00:00.000Z","gnomad_sessions":0.0,"exac_sessions":3724},{"date":"2016-10-05T00:00:00.000Z","gnomad_sessions":0.0,"exac_sessions":3737},{"date":"2016-10-06T00:00:00.000Z","gnomad_sessions":0.0,"exac_sessions":3545},{"date":"2016-10-07T00:00:00.000Z","gnomad_sessions":0.0,"exac_sessions":3328},{"date":"2016-10-08T00:00:00.000Z","gnomad_sessions":0.0,"exac_sessions":695},{"date":"2016-10-09T00:00:00.000Z","gnomad_sessions":0.0,"exac_sessions":849},{"date":"2016-10-10T00:00:00.000Z","gnomad_sessions":0.0,"exac_sessions":3515},{"date":"2016-10-11T00:00:00.000Z","gnomad_sessions":0.0,"exac_sessions":3882},{"date":"2016-10-12T00:00:00.000Z","gnomad_sessions":0.0,"exac_sessions":4296},{"date":"2016-10-13T00:00:00.000Z","gnomad_sessions":0.0,"exac_sessions":4625},{"date":"2016-10-14T00:00:00.000Z","gnomad_sessions":0.0,"exac_sessions":3656},{"date":"2016-10-15T00:00:00.000Z","gnomad_sessions":0.0,"exac_sessions":751},{"date":"2016-10-16T00:00:00.000Z","gnomad_sessions":0.0,"exac_sessions":998},{"date":"2016-10-17T00:00:00.000Z","gnomad_sessions":0.0,"exac_sessions":4253},{"date":"2016-10-18T00:00:00.000Z","gnomad_sessions":0.0,"exac_sessions":4266},{"date":"2016-10-19T00:00:00.000Z","gnomad_sessions":2346.0,"exac_sessions":4488},{"date":"2016-10-20T00:00:00.000Z","gnomad_sessions":2131.0,"exac_sessions":4121},{"date":"2016-10-21T00:00:00.000Z","gnomad_sessions":851.0,"exac_sessions":3387},{"date":"2016-10-22T00:00:00.000Z","gnomad_sessions":307.0,"exac_sessions":704},{"date":"2016-10-23T00:00:00.000Z","gnomad_sessions":259.0,"exac_sessions":849},{"date":"2016-10-24T00:00:00.000Z","gnomad_sessions":883.0,"exac_sessions":4228},{"date":"2016-10-25T00:00:00.000Z","gnomad_sessions":465.0,"exac_sessions":4266},{"date":"2016-10-26T00:00:00.000Z","gnomad_sessions":771.0,"exac_sessions":4194},{"date":"2016-10-27T00:00:00.000Z","gnomad_sessions":753.0,"exac_sessions":3870},{"date":"2016-10-28T00:00:00.000Z","gnomad_sessions":633.0,"exac_sessions":3375},{"date":"2016-10-29T00:00:00.000Z","gnomad_sessions":113.0,"exac_sessions":606},{"date":"2016-10-30T00:00:00.000Z","gnomad_sessions":121.0,"exac_sessions":849},{"date":"2016-10-31T00:00:00.000Z","gnomad_sessions":714.0,"exac_sessions":3656},{"date":"2016-11-01T00:00:00.000Z","gnomad_sessions":626.0,"exac_sessions":3345},{"date":"2016-11-02T00:00:00.000Z","gnomad_sessions":708.0,"exac_sessions":3968},{"date":"2016-11-03T00:00:00.000Z","gnomad_sessions":680.0,"exac_sessions":3806},{"date":"2016-11-04T00:00:00.000Z","gnomad_sessions":606.0,"exac_sessions":3511},{"date":"2016-11-05T00:00:00.000Z","gnomad_sessions":107.0,"exac_sessions":755},{"date":"2016-11-06T00:00:00.000Z","gnomad_sessions":155.0,"exac_sessions":1092},{"date":"2016-11-07T00:00:00.000Z","gnomad_sessions":647.0,"exac_sessions":4100},{"date":"2016-11-08T00:00:00.000Z","gnomad_sessions":562.0,"exac_sessions":4019},{"date":"2016-11-09T00:00:00.000Z","gnomad_sessions":611.0,"exac_sessions":3648},{"date":"2016-11-10T00:00:00.000Z","gnomad_sessions":588.0,"exac_sessions":4027},{"date":"2016-11-11T00:00:00.000Z","gnomad_sessions":460.0,"exac_sessions":2880},{"date":"2016-11-12T00:00:00.000Z","gnomad_sessions":105.0,"exac_sessions":674},{"date":"2016-11-13T00:00:00.000Z","gnomad_sessions":174.0,"exac_sessions":930},{"date":"2016-11-14T00:00:00.000Z","gnomad_sessions":650.0,"exac_sessions":4079},{"date":"2016-11-15T00:00:00.000Z","gnomad_sessions":687.0,"exac_sessions":4207},{"date":"2016-11-16T00:00:00.000Z","gnomad_sessions":647.0,"exac_sessions":4006},{"date":"2016-11-17T00:00:00.000Z","gnomad_sessions":718.0,"exac_sessions":3997},{"date":"2016-11-18T00:00:00.000Z","gnomad_sessions":610.0,"exac_sessions":3294},{"date":"2016-11-19T00:00:00.000Z","gnomad_sessions":96.0,"exac_sessions":695},{"date":"2016-11-20T00:00:00.000Z","gnomad_sessions":185.0,"exac_sessions":964},{"date":"2016-11-21T00:00:00.000Z","gnomad_sessions":681.0,"exac_sessions":4177},{"date":"2016-11-22T00:00:00.000Z","gnomad_sessions":676.0,"exac_sessions":4091},{"date":"2016-11-23T00:00:00.000Z","gnomad_sessions":503.0,"exac_sessions":3648},{"date":"2016-11-24T00:00:00.000Z","gnomad_sessions":303.0,"exac_sessions":2602},{"date":"2016-11-25T00:00:00.000Z","gnomad_sessions":291.0,"exac_sessions":2218},{"date":"2016-11-26T00:00:00.000Z","gnomad_sessions":111.0,"exac_sessions":657},{"date":"2016-11-27T00:00:00.000Z","gnomad_sessions":179.0,"exac_sessions":968},{"date":"2016-11-28T00:00:00.000Z","gnomad_sessions":706.0,"exac_sessions":4160},{"date":"2016-11-29T00:00:00.000Z","gnomad_sessions":639.0,"exac_sessions":4177},{"date":"2016-11-30T00:00:00.000Z","gnomad_sessions":665.0,"exac_sessions":4117},{"date":"2016-12-01T00:00:00.000Z","gnomad_sessions":682.0,"exac_sessions":3874},{"date":"2016-12-02T00:00:00.000Z","gnomad_sessions":596.0,"exac_sessions":3332},{"date":"2016-12-03T00:00:00.000Z","gnomad_sessions":121.0,"exac_sessions":606},{"date":"2016-12-04T00:00:00.000Z","gnomad_sessions":146.0,"exac_sessions":998},{"date":"2016-12-05T00:00:00.000Z","gnomad_sessions":651.0,"exac_sessions":4066},{"date":"2016-12-06T00:00:00.000Z","gnomad_sessions":664.0,"exac_sessions":3963},{"date":"2016-12-07T00:00:00.000Z","gnomad_sessions":639.0,"exac_sessions":4002},{"date":"2016-12-08T00:00:00.000Z","gnomad_sessions":606.0,"exac_sessions":3575},{"date":"2016-12-09T00:00:00.000Z","gnomad_sessions":552.0,"exac_sessions":3430},{"date":"2016-12-10T00:00:00.000Z","gnomad_sessions":105.0,"exac_sessions":580},{"date":"2016-12-11T00:00:00.000Z","gnomad_sessions":161.0,"exac_sessions":981},{"date":"2016-12-12T00:00:00.000Z","gnomad_sessions":672.0,"exac_sessions":4070},{"date":"2016-12-13T00:00:00.000Z","gnomad_sessions":673.0,"exac_sessions":4121},{"date":"2016-12-14T00:00:00.000Z","gnomad_sessions":698.0,"exac_sessions":4023},{"date":"2016-12-15T00:00:00.000Z","gnomad_sessions":656.0,"exac_sessions":3759},{"date":"2016-12-16T00:00:00.000Z","gnomad_sessions":539.0,"exac_sessions":3340},{"date":"2016-12-17T00:00:00.000Z","gnomad_sessions":113.0,"exac_sessions":597},{"date":"2016-12-18T00:00:00.000Z","gnomad_sessions":138.0,"exac_sessions":879},{"date":"2016-12-19T00:00:00.000Z","gnomad_sessions":697.0,"exac_sessions":3895},{"date":"2016-12-20T00:00:00.000Z","gnomad_sessions":653.0,"exac_sessions":3660},{"date":"2016-12-21T00:00:00.000Z","gnomad_sessions":630.0,"exac_sessions":3682},{"date":"2016-12-22T00:00:00.000Z","gnomad_sessions":516.0,"exac_sessions":3294},{"date":"2016-12-23T00:00:00.000Z","gnomad_sessions":315.0,"exac_sessions":1941},{"date":"2016-12-24T00:00:00.000Z","gnomad_sessions":75.0,"exac_sessions":350},{"date":"2016-12-25T00:00:00.000Z","gnomad_sessions":61.0,"exac_sessions":456},{"date":"2016-12-26T00:00:00.000Z","gnomad_sessions":146.0,"exac_sessions":1075},{"date":"2016-12-27T00:00:00.000Z","gnomad_sessions":369.0,"exac_sessions":2436},{"date":"2016-12-28T00:00:00.000Z","gnomad_sessions":423.0,"exac_sessions":2573},{"date":"2016-12-29T00:00:00.000Z","gnomad_sessions":448.0,"exac_sessions":2402},{"date":"2016-12-30T00:00:00.000Z","gnomad_sessions":279.0,"exac_sessions":1873},{"date":"2016-12-31T00:00:00.000Z","gnomad_sessions":61.0,"exac_sessions":431},{"date":"2017-01-01T00:00:00.000Z","gnomad_sessions":85.0,"exac_sessions":414},{"date":"2017-01-02T00:00:00.000Z","gnomad_sessions":268.0,"exac_sessions":1668},{"date":"2017-01-03T00:00:00.000Z","gnomad_sessions":644.0,"exac_sessions":3178},{"date":"2017-01-04T00:00:00.000Z","gnomad_sessions":603.0,"exac_sessions":3528},{"date":"2017-01-05T00:00:00.000Z","gnomad_sessions":673.0,"exac_sessions":3481},{"date":"2017-01-06T00:00:00.000Z","gnomad_sessions":476.0,"exac_sessions":2969},{"date":"2017-01-07T00:00:00.000Z","gnomad_sessions":99.0,"exac_sessions":623},{"date":"2017-01-08T00:00:00.000Z","gnomad_sessions":161.0,"exac_sessions":840},{"date":"2017-01-09T00:00:00.000Z","gnomad_sessions":669.0,"exac_sessions":3754},{"date":"2017-01-10T00:00:00.000Z","gnomad_sessions":695.0,"exac_sessions":3754},{"date":"2017-01-11T00:00:00.000Z","gnomad_sessions":705.0,"exac_sessions":3959},{"date":"2017-01-12T00:00:00.000Z","gnomad_sessions":759.0,"exac_sessions":4027},{"date":"2017-01-13T00:00:00.000Z","gnomad_sessions":617.0,"exac_sessions":3323},{"date":"2017-01-14T00:00:00.000Z","gnomad_sessions":118.0,"exac_sessions":602},{"date":"2017-01-15T00:00:00.000Z","gnomad_sessions":126.0,"exac_sessions":849},{"date":"2017-01-16T00:00:00.000Z","gnomad_sessions":648.0,"exac_sessions":3720},{"date":"2017-01-17T00:00:00.000Z","gnomad_sessions":774.0,"exac_sessions":4053},{"date":"2017-01-18T00:00:00.000Z","gnomad_sessions":703.0,"exac_sessions":3857},{"date":"2017-01-19T00:00:00.000Z","gnomad_sessions":762.0,"exac_sessions":3810},{"date":"2017-01-20T00:00:00.000Z","gnomad_sessions":619.0,"exac_sessions":3251},{"date":"2017-01-21T00:00:00.000Z","gnomad_sessions":118.0,"exac_sessions":704},{"date":"2017-01-22T00:00:00.000Z","gnomad_sessions":154.0,"exac_sessions":986},{"date":"2017-01-23T00:00:00.000Z","gnomad_sessions":708.0,"exac_sessions":4194},{"date":"2017-01-24T00:00:00.000Z","gnomad_sessions":791.0,"exac_sessions":4138},{"date":"2017-01-25T00:00:00.000Z","gnomad_sessions":739.0,"exac_sessions":3797},{"date":"2017-01-26T00:00:00.000Z","gnomad_sessions":726.0,"exac_sessions":3729},{"date":"2017-01-27T00:00:00.000Z","gnomad_sessions":710.0,"exac_sessions":3251},{"date":"2017-01-28T00:00:00.000Z","gnomad_sessions":143.0,"exac_sessions":559},{"date":"2017-01-29T00:00:00.000Z","gnomad_sessions":178.0,"exac_sessions":815},{"date":"2017-01-30T00:00:00.000Z","gnomad_sessions":769.0,"exac_sessions":3925},{"date":"2017-01-31T00:00:00.000Z","gnomad_sessions":800.0,"exac_sessions":4040},{"date":"2017-02-01T00:00:00.000Z","gnomad_sessions":797.0,"exac_sessions":3780},{"date":"2017-02-02T00:00:00.000Z","gnomad_sessions":876.0,"exac_sessions":3831},{"date":"2017-02-03T00:00:00.000Z","gnomad_sessions":686.0,"exac_sessions":3336},{"date":"2017-02-04T00:00:00.000Z","gnomad_sessions":169.0,"exac_sessions":781},{"date":"2017-02-05T00:00:00.000Z","gnomad_sessions":167.0,"exac_sessions":917},{"date":"2017-02-06T00:00:00.000Z","gnomad_sessions":788.0,"exac_sessions":3968},{"date":"2017-02-07T00:00:00.000Z","gnomad_sessions":905.0,"exac_sessions":4262},{"date":"2017-02-08T00:00:00.000Z","gnomad_sessions":845.0,"exac_sessions":4215},{"date":"2017-02-09T00:00:00.000Z","gnomad_sessions":827.0,"exac_sessions":4044},{"date":"2017-02-10T00:00:00.000Z","gnomad_sessions":679.0,"exac_sessions":3494},{"date":"2017-02-11T00:00:00.000Z","gnomad_sessions":118.0,"exac_sessions":708},{"date":"2017-02-12T00:00:00.000Z","gnomad_sessions":182.0,"exac_sessions":986},{"date":"2017-02-13T00:00:00.000Z","gnomad_sessions":826.0,"exac_sessions":4249},{"date":"2017-02-14T00:00:00.000Z","gnomad_sessions":855.0,"exac_sessions":3993},{"date":"2017-02-15T00:00:00.000Z","gnomad_sessions":960.0,"exac_sessions":4100},{"date":"2017-02-16T00:00:00.000Z","gnomad_sessions":894.0,"exac_sessions":4036},{"date":"2017-02-17T00:00:00.000Z","gnomad_sessions":707.0,"exac_sessions":3340},{"date":"2017-02-18T00:00:00.000Z","gnomad_sessions":151.0,"exac_sessions":712},{"date":"2017-02-19T00:00:00.000Z","gnomad_sessions":204.0,"exac_sessions":883},{"date":"2017-02-20T00:00:00.000Z","gnomad_sessions":851.0,"exac_sessions":3771},{"date":"2017-02-21T00:00:00.000Z","gnomad_sessions":943.0,"exac_sessions":4424},{"date":"2017-02-22T00:00:00.000Z","gnomad_sessions":795.0,"exac_sessions":4006},{"date":"2017-02-23T00:00:00.000Z","gnomad_sessions":912.0,"exac_sessions":3929},{"date":"2017-02-24T00:00:00.000Z","gnomad_sessions":778.0,"exac_sessions":3285},{"date":"2017-02-25T00:00:00.000Z","gnomad_sessions":157.0,"exac_sessions":691},{"date":"2017-02-26T00:00:00.000Z","gnomad_sessions":253.0,"exac_sessions":956},{"date":"2017-02-27T00:00:00.000Z","gnomad_sessions":1880.0,"exac_sessions":4219},{"date":"2017-02-28T00:00:00.000Z","gnomad_sessions":1739.0,"exac_sessions":4151},{"date":"2017-03-01T00:00:00.000Z","gnomad_sessions":1537.0,"exac_sessions":4070},{"date":"2017-03-02T00:00:00.000Z","gnomad_sessions":1485.0,"exac_sessions":3993},{"date":"2017-03-03T00:00:00.000Z","gnomad_sessions":1253.0,"exac_sessions":3417},{"date":"2017-03-04T00:00:00.000Z","gnomad_sessions":279.0,"exac_sessions":666},{"date":"2017-03-05T00:00:00.000Z","gnomad_sessions":268.0,"exac_sessions":1067},{"date":"2017-03-06T00:00:00.000Z","gnomad_sessions":1373.0,"exac_sessions":4160},{"date":"2017-03-07T00:00:00.000Z","gnomad_sessions":1450.0,"exac_sessions":4343},{"date":"2017-03-08T00:00:00.000Z","gnomad_sessions":1422.0,"exac_sessions":3938},{"date":"2017-03-09T00:00:00.000Z","gnomad_sessions":1449.0,"exac_sessions":4138},{"date":"2017-03-10T00:00:00.000Z","gnomad_sessions":1230.0,"exac_sessions":3524},{"date":"2017-03-11T00:00:00.000Z","gnomad_sessions":208.0,"exac_sessions":704},{"date":"2017-03-12T00:00:00.000Z","gnomad_sessions":255.0,"exac_sessions":990},{"date":"2017-03-13T00:00:00.000Z","gnomad_sessions":1493.0,"exac_sessions":4108},{"date":"2017-03-14T00:00:00.000Z","gnomad_sessions":1430.0,"exac_sessions":4057},{"date":"2017-03-15T00:00:00.000Z","gnomad_sessions":1582.0,"exac_sessions":3929},{"date":"2017-03-16T00:00:00.000Z","gnomad_sessions":1579.0,"exac_sessions":3831},{"date":"2017-03-17T00:00:00.000Z","gnomad_sessions":1260.0,"exac_sessions":3464},{"date":"2017-03-18T00:00:00.000Z","gnomad_sessions":275.0,"exac_sessions":563},{"date":"2017-03-19T00:00:00.000Z","gnomad_sessions":311.0,"exac_sessions":866},{"date":"2017-03-20T00:00:00.000Z","gnomad_sessions":1435.0,"exac_sessions":3912},{"date":"2017-03-21T00:00:00.000Z","gnomad_sessions":1478.0,"exac_sessions":4087},{"date":"2017-03-22T00:00:00.000Z","gnomad_sessions":1407.0,"exac_sessions":3763},{"date":"2017-03-23T00:00:00.000Z","gnomad_sessions":1312.0,"exac_sessions":3712},{"date":"2017-03-24T00:00:00.000Z","gnomad_sessions":1167.0,"exac_sessions":3251},{"date":"2017-03-25T00:00:00.000Z","gnomad_sessions":250.0,"exac_sessions":593},{"date":"2017-03-26T00:00:00.000Z","gnomad_sessions":356.0,"exac_sessions":832},{"date":"2017-03-27T00:00:00.000Z","gnomad_sessions":1559.0,"exac_sessions":4326},{"date":"2017-03-28T00:00:00.000Z","gnomad_sessions":1510.0,"exac_sessions":4083},{"date":"2017-03-29T00:00:00.000Z","gnomad_sessions":1610.0,"exac_sessions":4057},{"date":"2017-03-30T00:00:00.000Z","gnomad_sessions":1398.0,"exac_sessions":3703},{"date":"2017-03-31T00:00:00.000Z","gnomad_sessions":1278.0,"exac_sessions":3259},{"date":"2017-04-01T00:00:00.000Z","gnomad_sessions":610.0,"exac_sessions":704},{"date":"2017-04-02T00:00:00.000Z","gnomad_sessions":443.0,"exac_sessions":725},{"date":"2017-04-03T00:00:00.000Z","gnomad_sessions":1579.0,"exac_sessions":3767},{"date":"2017-04-04T00:00:00.000Z","gnomad_sessions":1648.0,"exac_sessions":3848},{"date":"2017-04-05T00:00:00.000Z","gnomad_sessions":1509.0,"exac_sessions":3823},{"date":"2017-04-06T00:00:00.000Z","gnomad_sessions":1502.0,"exac_sessions":3955},{"date":"2017-04-07T00:00:00.000Z","gnomad_sessions":1392.0,"exac_sessions":3366},{"date":"2017-04-08T00:00:00.000Z","gnomad_sessions":225.0,"exac_sessions":653},{"date":"2017-04-09T00:00:00.000Z","gnomad_sessions":336.0,"exac_sessions":947},{"date":"2017-04-10T00:00:00.000Z","gnomad_sessions":1537.0,"exac_sessions":3818},{"date":"2017-04-11T00:00:00.000Z","gnomad_sessions":1541.0,"exac_sessions":3861},{"date":"2017-04-12T00:00:00.000Z","gnomad_sessions":1533.0,"exac_sessions":3793},{"date":"2017-04-13T00:00:00.000Z","gnomad_sessions":1395.0,"exac_sessions":3486},{"date":"2017-04-14T00:00:00.000Z","gnomad_sessions":905.0,"exac_sessions":2069},{"date":"2017-04-15T00:00:00.000Z","gnomad_sessions":220.0,"exac_sessions":559},{"date":"2017-04-16T00:00:00.000Z","gnomad_sessions":268.0,"exac_sessions":678},{"date":"2017-04-17T00:00:00.000Z","gnomad_sessions":1066.0,"exac_sessions":2496},{"date":"2017-04-18T00:00:00.000Z","gnomad_sessions":1622.0,"exac_sessions":3605},{"date":"2017-04-19T00:00:00.000Z","gnomad_sessions":1645.0,"exac_sessions":3908},{"date":"2017-04-20T00:00:00.000Z","gnomad_sessions":1619.0,"exac_sessions":3912},{"date":"2017-04-21T00:00:00.000Z","gnomad_sessions":1337.0,"exac_sessions":3080},{"date":"2017-04-22T00:00:00.000Z","gnomad_sessions":229.0,"exac_sessions":614},{"date":"2017-04-23T00:00:00.000Z","gnomad_sessions":328.0,"exac_sessions":866},{"date":"2017-04-24T00:00:00.000Z","gnomad_sessions":1663.0,"exac_sessions":3729},{"date":"2017-04-25T00:00:00.000Z","gnomad_sessions":1577.0,"exac_sessions":3733},{"date":"2017-04-26T00:00:00.000Z","gnomad_sessions":1678.0,"exac_sessions":3729},{"date":"2017-04-27T00:00:00.000Z","gnomad_sessions":1525.0,"exac_sessions":3618},{"date":"2017-04-28T00:00:00.000Z","gnomad_sessions":1411.0,"exac_sessions":3230},{"date":"2017-04-29T00:00:00.000Z","gnomad_sessions":286.0,"exac_sessions":559},{"date":"2017-04-30T00:00:00.000Z","gnomad_sessions":382.0,"exac_sessions":687},{"date":"2017-05-01T00:00:00.000Z","gnomad_sessions":1234.0,"exac_sessions":2402},{"date":"2017-05-02T00:00:00.000Z","gnomad_sessions":1713.0,"exac_sessions":3759},{"date":"2017-05-03T00:00:00.000Z","gnomad_sessions":1822.0,"exac_sessions":3784},{"date":"2017-05-04T00:00:00.000Z","gnomad_sessions":1766.0,"exac_sessions":3720},{"date":"2017-05-05T00:00:00.000Z","gnomad_sessions":1541.0,"exac_sessions":3200},{"date":"2017-05-06T00:00:00.000Z","gnomad_sessions":261.0,"exac_sessions":623},{"date":"2017-05-07T00:00:00.000Z","gnomad_sessions":394.0,"exac_sessions":815},{"date":"2017-05-08T00:00:00.000Z","gnomad_sessions":1715.0,"exac_sessions":3878},{"date":"2017-05-09T00:00:00.000Z","gnomad_sessions":1866.0,"exac_sessions":3929},{"date":"2017-05-10T00:00:00.000Z","gnomad_sessions":1855.0,"exac_sessions":3861},{"date":"2017-05-11T00:00:00.000Z","gnomad_sessions":1767.0,"exac_sessions":3840},{"date":"2017-05-12T00:00:00.000Z","gnomad_sessions":1561.0,"exac_sessions":3413},{"date":"2017-05-13T00:00:00.000Z","gnomad_sessions":227.0,"exac_sessions":567},{"date":"2017-05-14T00:00:00.000Z","gnomad_sessions":322.0,"exac_sessions":764},{"date":"2017-05-15T00:00:00.000Z","gnomad_sessions":1866.0,"exac_sessions":3904},{"date":"2017-05-16T00:00:00.000Z","gnomad_sessions":1887.0,"exac_sessions":3980},{"date":"2017-05-17T00:00:00.000Z","gnomad_sessions":1886.0,"exac_sessions":3870},{"date":"2017-05-18T00:00:00.000Z","gnomad_sessions":1744.0,"exac_sessions":3938},{"date":"2017-05-19T00:00:00.000Z","gnomad_sessions":1618.0,"exac_sessions":3264},{"date":"2017-05-20T00:00:00.000Z","gnomad_sessions":279.0,"exac_sessions":648},{"date":"2017-05-21T00:00:00.000Z","gnomad_sessions":370.0,"exac_sessions":823},{"date":"2017-05-22T00:00:00.000Z","gnomad_sessions":1854.0,"exac_sessions":3763},{"date":"2017-05-23T00:00:00.000Z","gnomad_sessions":1985.0,"exac_sessions":3874},{"date":"2017-05-24T00:00:00.000Z","gnomad_sessions":1882.0,"exac_sessions":3699},{"date":"2017-05-25T00:00:00.000Z","gnomad_sessions":1602.0,"exac_sessions":3042},{"date":"2017-05-26T00:00:00.000Z","gnomad_sessions":1600.0,"exac_sessions":2991},{"date":"2017-05-27T00:00:00.000Z","gnomad_sessions":309.0,"exac_sessions":631},{"date":"2017-05-28T00:00:00.000Z","gnomad_sessions":314.0,"exac_sessions":725},{"date":"2017-05-29T00:00:00.000Z","gnomad_sessions":923.0,"exac_sessions":2056},{"date":"2017-05-30T00:00:00.000Z","gnomad_sessions":1826.0,"exac_sessions":3511},{"date":"2017-05-31T00:00:00.000Z","gnomad_sessions":2046.0,"exac_sessions":3904},{"date":"2017-06-01T00:00:00.000Z","gnomad_sessions":1833.0,"exac_sessions":3447},{"date":"2017-06-02T00:00:00.000Z","gnomad_sessions":1659.0,"exac_sessions":3187},{"date":"2017-06-03T00:00:00.000Z","gnomad_sessions":270.0,"exac_sessions":623},{"date":"2017-06-04T00:00:00.000Z","gnomad_sessions":375.0,"exac_sessions":866},{"date":"2017-06-05T00:00:00.000Z","gnomad_sessions":1633.0,"exac_sessions":3080},{"date":"2017-06-06T00:00:00.000Z","gnomad_sessions":1957.0,"exac_sessions":3759},{"date":"2017-06-07T00:00:00.000Z","gnomad_sessions":1951.0,"exac_sessions":3780},{"date":"2017-06-08T00:00:00.000Z","gnomad_sessions":1959.0,"exac_sessions":3665},{"date":"2017-06-09T00:00:00.000Z","gnomad_sessions":1760.0,"exac_sessions":3157}]