[{"date":"2014-10-19T00:00:00.000Z","gnomad_pageviews":0.0,"exac_pageviews":2307},{"date":"2014-10-26T00:00:00.000Z","gnomad_pageviews":0.0,"exac_pageviews":48261},{"date":"2014-11-02T00:00:00.000Z","gnomad_pageviews":0.0,"exac_pageviews":22992},{"date":"2014-11-09T00:00:00.000Z","gnomad_pageviews":0.0,"exac_pageviews":21949},{"date":"2014-11-16T00:00:00.000Z","gnomad_pageviews":0.0,"exac_pageviews":23445},{"date":"2014-11-23T00:00:00.000Z","gnomad_pageviews":0.0,"exac_pageviews":23565},{"date":"2014-11-30T00:00:00.000Z","gnomad_pageviews":0.0,"exac_pageviews":21653},{"date":"2014-12-07T00:00:00.000Z","gnomad_pageviews":0.0,"exac_pageviews":26014},{"date":"2014-12-14T00:00:00.000Z","gnomad_pageviews":0.0,"exac_pageviews":27494},{"date":"2014-12-21T00:00:00.000Z","gnomad_pageviews":0.0,"exac_pageviews":29148},{"date":"2014-12-28T00:00:00.000Z","gnomad_pageviews":0.0,"exac_pageviews":13724},{"date":"2015-01-04T00:00:00.000Z","gnomad_pageviews":0.0,"exac_pageviews":14839},{"date":"2015-01-11T00:00:00.000Z","gnomad_pageviews":0.0,"exac_pageviews":30165},{"date":"2015-01-18T00:00:00.000Z","gnomad_pageviews":0.0,"exac_pageviews":30349},{"date":"2015-01-25T00:00:00.000Z","gnomad_pageviews":0.0,"exac_pageviews":28923},{"date":"2015-02-01T00:00:00.000Z","gnomad_pageviews":0.0,"exac_pageviews":30917},{"date":"2015-02-08T00:00:00.000Z","gnomad_pageviews":0.0,"exac_pageviews":32287},{"date":"2015-02-15T00:00:00.000Z","gnomad_pageviews":0.0,"exac_pageviews":38854},{"date":"2015-02-22T00:00:00.000Z","gnomad_pageviews":0.0,"exac_pageviews":36725},{"date":"2015-03-01T00:00:00.000Z","gnomad_pageviews":0.0,"exac_pageviews":41575},{"date":"2015-03-08T00:00:00.000Z","gnomad_pageviews":0.0,"exac_pageviews":38326},{"date":"2015-03-15T00:00:00.000Z","gnomad_pageviews":0.0,"exac_pageviews":46712},{"date":"2015-03-22T00:00:00.000Z","gnomad_pageviews":0.0,"exac_pageviews":46428},{"date":"2015-03-29T00:00:00.000Z","gnomad_pageviews":0.0,"exac_pageviews":42685},{"date":"2015-04-05T00:00:00.000Z","gnomad_pageviews":0.0,"exac_pageviews":49238},{"date":"2015-04-12T00:00:00.000Z","gnomad_pageviews":0.0,"exac_pageviews":41419},{"date":"2015-04-19T00:00:00.000Z","gnomad_pageviews":0.0,"exac_pageviews":46018},{"date":"2015-04-26T00:00:00.000Z","gnomad_pageviews":0.0,"exac_pageviews":47645},{"date":"2015-05-03T00:00:00.000Z","gnomad_pageviews":0.0,"exac_pageviews":46682},{"date":"2015-05-10T00:00:00.000Z","gnomad_pageviews":0.0,"exac_pageviews":45871},{"date":"2015-05-17T00:00:00.000Z","gnomad_pageviews":0.0,"exac_pageviews":45384},{"date":"2015-05-24T00:00:00.000Z","gnomad_pageviews":0.0,"exac_pageviews":50038},{"date":"2015-05-31T00:00:00.000Z","gnomad_pageviews":0.0,"exac_pageviews":47061},{"date":"2015-06-07T00:00:00.000Z","gnomad_pageviews":0.0,"exac_pageviews":46262},{"date":"2015-06-14T00:00:00.000Z","gnomad_pageviews":0.0,"exac_pageviews":51800},{"date":"2015-06-21T00:00:00.000Z","gnomad_pageviews":0.0,"exac_pageviews":49965},{"date":"2015-06-28T00:00:00.000Z","gnomad_pageviews":0.0,"exac_pageviews":47934},{"date":"2015-07-05T00:00:00.000Z","gnomad_pageviews":0.0,"exac_pageviews":49612},{"date":"2015-07-12T00:00:00.000Z","gnomad_pageviews":0.0,"exac_pageviews":60375},{"date":"2015-07-19T00:00:00.000Z","gnomad_pageviews":0.0,"exac_pageviews":56517},{"date":"2015-07-26T00:00:00.000Z","gnomad_pageviews":0.0,"exac_pageviews":57555},{"date":"2015-08-02T00:00:00.000Z","gnomad_pageviews":0.0,"exac_pageviews":64115},{"date":"2015-08-09T00:00:00.000Z","gnomad_pageviews":0.0,"exac_pageviews":55970},{"date":"2015-08-16T00:00:00.000Z","gnomad_pageviews":0.0,"exac_pageviews":48101},{"date":"2015-08-23T00:00:00.000Z","gnomad_pageviews":0.0,"exac_pageviews":51003},{"date":"2015-08-30T00:00:00.000Z","gnomad_pageviews":0.0,"exac_pageviews":51036},{"date":"2015-09-06T00:00:00.000Z","gnomad_pageviews":0.0,"exac_pageviews":51838},{"date":"2015-09-13T00:00:00.000Z","gnomad_pageviews":0.0,"exac_pageviews":52880},{"date":"2015-09-20T00:00:00.000Z","gnomad_pageviews":0.0,"exac_pageviews":57774},{"date":"2015-09-27T00:00:00.000Z","gnomad_pageviews":0.0,"exac_pageviews":51717},{"date":"2015-10-04T00:00:00.000Z","gnomad_pageviews":0.0,"exac_pageviews":53272},{"date":"2015-10-11T00:00:00.000Z","gnomad_pageviews":0.0,"exac_pageviews":46904},{"date":"2015-10-18T00:00:00.000Z","gnomad_pageviews":0.0,"exac_pageviews":56585},{"date":"2015-10-25T00:00:00.000Z","gnomad_pageviews":0.0,"exac_pageviews":58618},{"date":"2015-11-01T00:00:00.000Z","gnomad_pageviews":0.0,"exac_pageviews":59565},{"date":"2015-11-08T00:00:00.000Z","gnomad_pageviews":0.0,"exac_pageviews":65877},{"date":"2015-11-15T00:00:00.000Z","gnomad_pageviews":0.0,"exac_pageviews":70788},{"date":"2015-11-22T00:00:00.000Z","gnomad_pageviews":0.0,"exac_pageviews":67063},{"date":"2015-11-29T00:00:00.000Z","gnomad_pageviews":0.0,"exac_pageviews":56867},{"date":"2015-12-06T00:00:00.000Z","gnomad_pageviews":0.0,"exac_pageviews":73637},{"date":"2015-12-13T00:00:00.000Z","gnomad_pageviews":0.0,"exac_pageviews":64761},{"date":"2015-12-20T00:00:00.000Z","gnomad_pageviews":0.0,"exac_pageviews":72011},{"date":"2015-12-27T00:00:00.000Z","gnomad_pageviews":0.0,"exac_pageviews":43732},{"date":"2016-01-03T00:00:00.000Z","gnomad_pageviews":0.0,"exac_pageviews":26172},{"date":"2016-01-10T00:00:00.000Z","gnomad_pageviews":0.0,"exac_pageviews":58588},{"date":"2016-01-17T00:00:00.000Z","gnomad_pageviews":0.0,"exac_pageviews":64503},{"date":"2016-01-24T00:00:00.000Z","gnomad_pageviews":0.0,"exac_pageviews":68410},{"date":"2016-01-31T00:00:00.000Z","gnomad_pageviews":0.0,"exac_pageviews":74787},{"date":"2016-02-07T00:00:00.000Z","gnomad_pageviews":0.0,"exac_pageviews":74795},{"date":"2016-02-14T00:00:00.000Z","gnomad_pageviews":0.0,"exac_pageviews":67697},{"date":"2016-02-21T00:00:00.000Z","gnomad_pageviews":0.0,"exac_pageviews":69690},{"date":"2016-02-28T00:00:00.000Z","gnomad_pageviews":0.0,"exac_pageviews":74902},{"date":"2016-03-06T00:00:00.000Z","gnomad_pageviews":0.0,"exac_pageviews":70420},{"date":"2016-03-13T00:00:00.000Z","gnomad_pageviews":0.0,"exac_pageviews":73890},{"date":"2016-03-20T00:00:00.000Z","gnomad_pageviews":0.0,"exac_pageviews":73290},{"date":"2016-03-27T00:00:00.000Z","gnomad_pageviews":0.0,"exac_pageviews":60288},{"date":"2016-04-03T00:00:00.000Z","gnomad_pageviews":0.0,"exac_pageviews":61209},{"date":"2016-04-10T00:00:00.000Z","gnomad_pageviews":0.0,"exac_pageviews":62737},{"date":"2016-04-17T00:00:00.000Z","gnomad_pageviews":0.0,"exac_pageviews":79010},{"date":"2016-04-24T00:00:00.000Z","gnomad_pageviews":0.0,"exac_pageviews":73762},{"date":"2016-05-01T00:00:00.000Z","gnomad_pageviews":0.0,"exac_pageviews":69889},{"date":"2016-05-08T00:00:00.000Z","gnomad_pageviews":0.0,"exac_pageviews":76991},{"date":"2016-05-15T00:00:00.000Z","gnomad_pageviews":0.0,"exac_pageviews":72277},{"date":"2016-05-22T00:00:00.000Z","gnomad_pageviews":0.0,"exac_pageviews":73900},{"date":"2016-05-29T00:00:00.000Z","gnomad_pageviews":0.0,"exac_pageviews":66482},{"date":"2016-06-05T00:00:00.000Z","gnomad_pageviews":0.0,"exac_pageviews":66849},{"date":"2016-06-12T00:00:00.000Z","gnomad_pageviews":0.0,"exac_pageviews":70848},{"date":"2016-06-19T00:00:00.000Z","gnomad_pageviews":0.0,"exac_pageviews":71993},{"date":"2016-06-26T00:00:00.000Z","gnomad_pageviews":0.0,"exac_pageviews":72290},{"date":"2016-07-03T00:00:00.000Z","gnomad_pageviews":0.0,"exac_pageviews":74081},{"date":"2016-07-10T00:00:00.000Z","gnomad_pageviews":0.0,"exac_pageviews":63689},{"date":"2016-07-17T00:00:00.000Z","gnomad_pageviews":0.0,"exac_pageviews":77796},{"date":"2016-07-24T00:00:00.000Z","gnomad_pageviews":0.0,"exac_pageviews":70151},{"date":"2016-07-31T00:00:00.000Z","gnomad_pageviews":0.0,"exac_pageviews":65332},{"date":"2016-08-07T00:00:00.000Z","gnomad_pageviews":0.0,"exac_pageviews":67869},{"date":"2016-08-14T00:00:00.000Z","gnomad_pageviews":0.0,"exac_pageviews":67273},{"date":"2016-08-21T00:00:00.000Z","gnomad_pageviews":0.0,"exac_pageviews":90430},{"date":"2016-08-28T00:00:00.000Z","gnomad_pageviews":0.0,"exac_pageviews":82531},{"date":"2016-09-04T00:00:00.000Z","gnomad_pageviews":0.0,"exac_pageviews":77195},{"date":"2016-09-11T00:00:00.000Z","gnomad_pageviews":0.0,"exac_pageviews":69957},{"date":"2016-09-18T00:00:00.000Z","gnomad_pageviews":0.0,"exac_pageviews":75170},{"date":"2016-09-25T00:00:00.000Z","gnomad_pageviews":0.0,"exac_pageviews":78304},{"date":"2016-10-02T00:00:00.000Z","gnomad_pageviews":0.0,"exac_pageviews":75764},{"date":"2016-10-09T00:00:00.000Z","gnomad_pageviews":0.0,"exac_pageviews":80908},{"date":"2016-10-16T00:00:00.000Z","gnomad_pageviews":0.0,"exac_pageviews":93670},{"date":"2016-10-23T00:00:00.000Z","gnomad_pageviews":18383.0,"exac_pageviews":112355},{"date":"2016-10-30T00:00:00.000Z","gnomad_pageviews":13408.0,"exac_pageviews":82707},{"date":"2016-11-06T00:00:00.000Z","gnomad_pageviews":13309.0,"exac_pageviews":78128},{"date":"2016-11-13T00:00:00.000Z","gnomad_pageviews":14652.0,"exac_pageviews":94860},{"date":"2016-11-20T00:00:00.000Z","gnomad_pageviews":16344.0,"exac_pageviews":81846},{"date":"2016-11-27T00:00:00.000Z","gnomad_pageviews":17318.0,"exac_pageviews":68179},{"date":"2016-12-04T00:00:00.000Z","gnomad_pageviews":20088.0,"exac_pageviews":97075},{"date":"2016-12-11T00:00:00.000Z","gnomad_pageviews":17649.0,"exac_pageviews":80494},{"date":"2016-12-18T00:00:00.000Z","gnomad_pageviews":17105.0,"exac_pageviews":85764},{"date":"2016-12-25T00:00:00.000Z","gnomad_pageviews":14294.0,"exac_pageviews":63978},{"date":"2017-01-01T00:00:00.000Z","gnomad_pageviews":9399.0,"exac_pageviews":42803},{"date":"2017-01-08T00:00:00.000Z","gnomad_pageviews":16318.0,"exac_pageviews":67137},{"date":"2017-01-15T00:00:00.000Z","gnomad_pageviews":15970.0,"exac_pageviews":94877},{"date":"2017-01-22T00:00:00.000Z","gnomad_pageviews":17271.0,"exac_pageviews":86637},{"date":"2017-01-29T00:00:00.000Z","gnomad_pageviews":17303.0,"exac_pageviews":79328},{"date":"2017-02-05T00:00:00.000Z","gnomad_pageviews":18946.0,"exac_pageviews":75279},{"date":"2017-02-12T00:00:00.000Z","gnomad_pageviews":19044.0,"exac_pageviews":83091},{"date":"2017-02-19T00:00:00.000Z","gnomad_pageviews":20103.0,"exac_pageviews":81079},{"date":"2017-02-26T00:00:00.000Z","gnomad_pageviews":21447.0,"exac_pageviews":85481},{"date":"2017-03-05T00:00:00.000Z","gnomad_pageviews":32760.0,"exac_pageviews":77827},{"date":"2017-03-12T00:00:00.000Z","gnomad_pageviews":31121.0,"exac_pageviews":76087},{"date":"2017-03-19T00:00:00.000Z","gnomad_pageviews":33783.0,"exac_pageviews":82251},{"date":"2017-03-26T00:00:00.000Z","gnomad_pageviews":30818.0,"exac_pageviews":81644},{"date":"2017-04-02T00:00:00.000Z","gnomad_pageviews":36232.0,"exac_pageviews":80601},{"date":"2017-04-09T00:00:00.000Z","gnomad_pageviews":33466.0,"exac_pageviews":78662},{"date":"2017-04-16T00:00:00.000Z","gnomad_pageviews":29626.0,"exac_pageviews":72277},{"date":"2017-04-23T00:00:00.000Z","gnomad_pageviews":32189.0,"exac_pageviews":67929},{"date":"2017-04-30T00:00:00.000Z","gnomad_pageviews":35703.0,"exac_pageviews":68907},{"date":"2017-05-07T00:00:00.000Z","gnomad_pageviews":36119.0,"exac_pageviews":68600},{"date":"2017-05-14T00:00:00.000Z","gnomad_pageviews":41065.0,"exac_pageviews":73668},{"date":"2017-05-21T00:00:00.000Z","gnomad_pageviews":43098.0,"exac_pageviews":77756},{"date":"2017-05-28T00:00:00.000Z","gnomad_pageviews":42308.0,"exac_pageviews":67904},{"date":"2017-06-04T00:00:00.000Z","gnomad_pageviews":40444.0,"exac_pageviews":63121},{"date":"2017-06-11T00:00:00.000Z","gnomad_pageviews":42634.0,"exac_pageviews":62966}]